"site","comid","id","fdate","resolution","gnis_id","gnis_name","lengthkm","reachcode","flowdir","wbareacomi","ftype","fcode","shape_length","streamleve","streamorde","streamcalc","fromnode","tonode","hydroseq","levelpathi","pathlength","terminalpa","arbolatesu","divergence","startflag","terminalfl","dnlevel","uplevelpat","uphydroseq","dnlevelpat","dnminorhyd","dndraincou","dnhydroseq","frommeas","tomeas","rtndiv","vpuin","vpuout","areasqkm","totdasqkm","divdasqkm","tidal","totma","wbareatype","pathtimema","hwnodesqkm","maxelevraw","minelevraw","maxelevsmo","minelevsmo","slope","elevfixed","hwtype","slopelenkm","qa_ma","va_ma","qc_ma","vc_ma","qe_ma","ve_ma","qa_01","va_01","qc_01","vc_01","qe_01","ve_01","qa_02","va_02","qc_02","vc_02","qe_02","ve_02","qa_03","va_03","qc_03","vc_03","qe_03","ve_03","qa_04","va_04","qc_04","vc_04","qe_04","ve_04","qa_05","va_05","qc_05","vc_05","qe_05","ve_05","qa_06","va_06","qc_06","vc_06","qe_06","ve_06","qa_07","va_07","qc_07","vc_07","qe_07","ve_07","qa_08","va_08","qc_08","vc_08","qe_08","ve_08","qa_09","va_09","qc_09","vc_09","qe_09","ve_09","qa_10","va_10","qc_10","vc_10","qe_10","ve_10","qa_11","va_11","qc_11","vc_11","qe_11","ve_11","qa_12","va_12","qc_12","vc_12","qe_12","ve_12","lakefract","surfarea","rareahload","rpuid","vpuid","enabled","huc2","huc4","huc6","huc8","huc10","huc12","WsPctFull.x","PctAg2006Slp10Ws","PctAg2006Slp20Ws","WsPctFull.y","CanalDensWs","WsPctFull.x.x","CoalMineDensWs","WsPctFull.y.y","DamDensWs","DamNIDStorWs","DamNrmStorWs","WsPctFull.x.x.x","PctImp2006Ws","PctImp2008Ws","PctImp2011Ws","PctImp2001Ws","PctImp2013Ws","PctImp2019Ws","PctImp2016Ws","PctImp2004Ws","WsPctFull.y.y.y","PctOw2016Ws","PctIce2016Ws","PctUrbOp2016Ws","PctUrbLo2016Ws","PctUrbMd2016Ws","PctUrbHi2016Ws","PctBl2016Ws","PctDecid2016Ws","PctConif2016Ws","PctMxFst2016Ws","PctShrb2016Ws","PctGrs2016Ws","PctHay2016Ws","PctCrop2016Ws","PctWdWet2016Ws","PctHbWet2016Ws","AriditySite","AridityWs","OmernikIIISite","OmernikIISite","OmernikISite","OmernikIIIWs","OmernikIIWs","OmernikIWs","TmeanSite","TmaxSite","TminSite","PrecipSite","AluminumSite","CalciumSite","CopperSite","IronSite","ManganeseSite","PhosphSite","AluminumWs","CalciumWs","CopperWs","IronWs","ManganeseWs","PhosphWs","geometry"
"BLU-BLU",23773405,"nhdflowline_network.2502362","2001-02-12 21:00:00","Medium","1117862","Blue River","1.744","17090004000319","With Digitized","0","StreamRiver","46006","0.016864523080427","4","4","4","50076930","50076929","50044854","50040829","523.944","50001315","134.908","0","0","0","4","50040829","50047302","50040829","0","1","50042717","0","100","0","0","0","1.3392","227.9673","227.9673","0","0.0323220677389"," ","3.58439805156",NA,"-9998","32078","39450","32268","0.04118119","0"," ","1.744","449.454","2.04317","457.985","2.04581","468.106","2.04889","759.737","2.60084","1076.509","3.04362","878.368","2.73955","780.426","2.63378","1052.008","3.01038","428.667","1.96942","767.539","2.61331","905.392","2.8034","410.194","1.93102","667.544","2.44865","723.465","2.52323","354.837","1.81079","488.738","2.1221","546.9","2.21746","329.575","1.75301","277.065","1.65016","283.843","1.65604","242.514","1.53588","139.387","1.24004","98.572","1.07695","296.462","1.67403","72.845","0.96848","46.127","0.8219","399.374","1.90815","46.147","0.82639","43.415","0.80564","279.097","1.63096","105.32","1.11122","100.444","1.08467","331.797","1.75818","573.086","2.28209","597.799","2.30983","694.766","2.45492","718.568","2.53401","986.165","2.91922","957.794","2.85391",NA,NA,NA,"17c","17","1","HUC-17","HUC-1709","HUC-170900","HUC-17090004","HUC-1709000404","HUC-170900040403",100,0,0,100,0,100,0,100,0.0044,481559.0657,449094.4096,100,0.16,0.16,0.16,0.16,0.16,0.17,0.16,0.16,100,0.6,0,0.13,0.03,0,0,0.73,0,91.51,0.13,6.57,0.25,0.01,0,0.02,0,0.432999951171875,1.49426066867994,"Southern Rockies","WESTERN CORDILLERA","NORTHWESTERN FORESTED MOUNTAINS","Cascades","WESTERN CORDILLERA","NORTHWESTERN FORESTED MOUNTAINS",1.8449000120163,9.10999965667725,-5.41769981384277,1080.23303222656,5.98308610916138,2.14109659194946,90,3.62005066871643,850.951293945312,0.113684423267841,9.17861260833411,2.79397578400442,52,5.78685424725215,963.079297471321,0.105774630626514,c(-107.000601, 38.999288)
"BLU-TID",23773429,"nhdflowline_network.2502369","2001-02-12 21:00:00","Medium","1117862","Blue River","1.468","17090004000327","With Digitized","0","StreamRiver","46006","0.0138996874770719","4","3","3","50076940","50076939","50057203","50040829","534.167","50001315","73.467","0","0","0","4","50040829","50061820","50040829","0","1","50053363","0","100","0","0","0","1.2159","119.3625","119.3625","0","0.0386169156542"," ","47.5414287237",NA,"-9998","41269","43470","42448","0.00696185","0"," ","1.468","242.062","1.43801","242.764","1.43827","257.043","1.44351","399.744","1.78278","660.838","2.23135","474.499","1.88024","413.843","1.81017","675.74","2.25425","473.662","1.87877","410.355","1.80343","548.363","2.04997","400.255","1.74444","362.291","1.70774","398.475","1.77837","351.05","1.64782","270.417","1.50644","287.684","1.54486","256.392","1.44199","155.333","1.20093","150.496","1.18492","128.41","1.09362","77.854","0.92688","54.372","0.81887","40.31","0.73282","40.595","0.74608","27.137","0.66135","20.639","0.60585","25.334","0.64914","26.419","0.65636","25.625","0.64207","59.703","0.84557","62.066","0.85604","66.599","0.86249","308.886","1.59412","327.911","1.63385","344.603","1.6347","381.817","1.74729","568.941","2.08438","515.162","1.95039",NA,NA,NA,"17c","17","1","HUC-17","HUC-1709","HUC-170900","HUC-17090004","HUC-1709000404","HUC-170900040402",100,0,0,100,0,100,0,100,0,0,0,100,0.17,0.17,0.17,0.17,0.17,0.18,0.17,0.17,100,0.01,0,0,0,0,0,0,0,91.04,0.07,8.61,0.24,0,0,0.03,0,0.4222,1.54697755869709,"Southern Rockies","WESTERN CORDILLERA","NORTHWESTERN FORESTED MOUNTAINS","Cascades","WESTERN CORDILLERA","NORTHWESTERN FORESTED MOUNTAINS",2.00499987602234,9.63000011444092,-5.62439966201782,1011.251953125,5.95724105834961,2.15657663345337,90,3.60555076599121,849.136108398438,0.113732129335403,9.20833290540255,2.83725143297688,52,5.80598049307917,969.689536545303,0.106684706961879,c(-107.000601, 38.987785)
"BRO-LAP",23700569,"nhdflowline_network.2487863","2005-07-20 21:00:00","Medium"," "," ","3.889","17070301000991","With Digitized","0","StreamRiver","46006","0.0419396701721156","3","2","2","50070539","50070538","50075253","50067825","691.465","50001315","26.206","0","0","0","3","50067825","50085228","50067825","0","1","50067825","0","36.648","0","0","0","9.054","51.8805","51.8805","0","0.130086741984"," ","206.195349194",NA,"-9998","132385","134497","132385","0.0054307","0"," ","3.889","49.786","1.15235","47.941","1.14977","38.645","1.13521","27.16","0.92014","85.632","1.45329","34.854","1.0911","32.069","0.97656","113.424","1.63757","33.634","1.07643","50.314","1.15709","102.133","1.56559","34.608","1.08816","65.234","1.28258","74.78","1.3738","36.361","1.10889","72.425","1.3382","68.851","1.32808","36.524","1.11079","71.827","1.33368","64.602","1.29416","37.76","1.1251","63.038","1.26502","43.825","1.11061","39.516","1.14505","52.943","1.18036","34.531","1.01524","42.414","1.17709","44.773","1.1061","42.342","1.09608","42.949","1.18289","42.191","1.08134","46.235","1.13374","41.811","1.17051","44.321","1.10182","49.718","1.16619","40.324","1.15409","31.499","0.97023","64.937","1.29688","37.781","1.12534",NA,NA,NA,"17c","17","1","HUC-17","HUC-1707","HUC-170703","HUC-17070301","HUC-1707030102","HUC-170703010207",100,0,0,100,0,100,0,100,0,0,0,100,0.19,0.19,0.19,0.19,0.19,0.19,0.19,0.19,100,0.26,0,1.47,0.04,0.02,0,0.11,0,89.96,0,6.35,0.39,0,0,1.08,0.32,0.59679951171875,0.910119730536882,"Southern Rockies","WESTERN CORDILLERA","NORTHWESTERN FORESTED MOUNTAINS","Cascades","WESTERN CORDILLERA","NORTHWESTERN FORESTED MOUNTAINS",-0.5,6.29999971389771,-7.29539966583252,1225.87097167969,6.00750064849854,2.07209944725037,90,3.87705206871033,838.923156738281,0.0940257161855698,9.03993648098361,2.75256469403544,52,4.72105611370456,978.007627228768,0.148206140245161,c(-107.043915, 38.983947)
"CT-BUNN",6109247,"nhdflowline_network.52516","2008-07-20 21:00:00","Medium","205839","Bunnell Brook","2.583","01080207000226","With Digitized","0","StreamRiver","46006","0.0274650710674098","4","1","1","150058709","150025056","150058008","150021701","157.47","150002258","2.583","0","1","0","4","0","0","150021701","0","1","150043037","0","100","0","0","0","10.5084","10.5084","10.5084","0","0.101400245772"," ","2.28513800398","6.7158","23629","20915","23629","20915","0.01115495","0","H","2.433","8.928","0.95765","10.054","0.96392","10.71","0.96729","3.755","0.7183","10.4","0.97581","12.578","1.02601","1.885","0.59268","9.688","0.95114","11.891","1.00493","6.823","0.87126","78.08","2.25506","19.634","1.21744","19.618","1.2946","33.176","1.54409","17.681","1.16825","20.125","1.30805","16.119","1.15066","13.139","1.04283","10.663","1.02185","8.696","0.91531","8.494","0.89097","5.72","0.82095","3.993","0.70985","4.731","0.73536","3.95","0.72946","3.747","0.69652","4.745","0.73603","6.393","0.85213","6.593","0.83233","5.488","0.77038","9.27","0.97074","8.476","0.90711","7.704","0.86154","11.401","1.04766","9.754","0.95346","10.548","0.96198","7.617","0.90514","11.431","1.01017","11.969","1.00735",NA,NA,NA,"01a","01","1","HUC-01","HUC-0108","HUC-010802","HUC-01080207","HUC-0108020704","HUC-010802070405",100,1.28,0.02,100,0,100,0,100,0,0,0,100,3.03,3.04,3.28,2.75,3.34,3.43,3.35,2.9,100,0.43,0,7.58,4.7,1.59,0.34,0.01,50.54,2.71,10.9,0.48,0.97,9.43,0.09,10.14,0.08,0.4236,1.14523532284007,"Southern Rockies","WESTERN CORDILLERA","NORTHWESTERN FORESTED MOUNTAINS","Northeastern Coastal Zone","MIXED WOOD PLAINS","EASTERN TEMPERATE FORESTS",2.12999987602234,10.3299999237061,-6.06579971313477,928.975952148438,5.94054985046387,2.13406038284302,90,3.6045458316803,847.846069335938,0.113539561629295,5.81989329091964,1.72441048391404,95.7867973081527,3.22741070485884,1438.41892168599,0.0757430724559292,c(-106.989773, 38.95442)
"CT-EBRA",4570659,"nhdflowline_network.40763","1999-08-12 21:00:00","Medium","1457259","East Branch Passumpsic River","4.801","01080102000034","With Digitized","0","StreamRiver","46006","0.047066986662957","3","3","3","150015679","150015658","150022019","150017737","502.273","150002258","42.982","0","0","0","3","150017737","150035804","150017737","0","1","150020307","0","100","0","0","0","22.2633","139.3335","139.3335","0","0.136477665867"," ","10.0211943112",NA,"-9998","28736","31114","28893","0.00462611","0"," ","4.801","108.251","1.32322","116.917","1.32957","126.04","1.3358","31.788","0.83782","79.409","1.13994","86.259","1.14841","15.929","0.67522","71.44","1.09453","68.924","1.05407","8.236","0.56683","90.067","1.19745","144.033","1.41124","93.924","1.24953","185.885","1.61464","283.232","1.88768","280.059","1.98951","212.799","1.71188","237.323","1.74613","214.385","1.76711","119.111","1.3397","119.912","1.30897","123.369","1.39617","66.022","1.06229","85.797","1.14601","98.241","1.27226","63.242","1.04526","65.176","1.03225","112.917","1.34622","73.476","1.10635","78.59","1.10788","126.862","1.41241","95.051","1.22325","101.448","1.22396","130.415","1.42873","107.636","1.28569","110.972","1.26864","63.595","1.07351","95.52","1.22564","108.164","1.25566",NA,NA,NA,"01a","01","1","HUC-01","HUC-0108","HUC-010801","HUC-01080102","HUC-0108010201","HUC-010801020101",100,0.24,0,100,0,100,0,100,0,0,0,100,0.4,0.41,0.41,0.39,0.42,0.44,0.43,0.39,100,0.7,0,2.51,0.69,0.15,0.01,0,52.42,9.75,23.75,3.13,1.09,1.03,0,4.64,0.13,0.3808,1.35829821201046,"Southern Rockies","WESTERN CORDILLERA","NORTHWESTERN FORESTED MOUNTAINS","Northern Appalachian and Atlantic Maritime Highlands","ATLANTIC HIGHLANDS","NORTHERN FORESTS",1.70489990711212,10.3599996566772,-6.95019960403442,503.317993164062,6.53918981552124,1.95471894741058,90,4.0677638053894,784.8095703125,0.124318473041058,4.99572836710642,2.49340451405813,98.1474318403829,2.03277311727091,660.205844066182,0.0500994572193477,c(-106.562297, 38.870538)
"CT-FARM",6109717,"nhdflowline_network.52264","2008-07-20 21:00:00","Medium","207042","Farmington River","1.046","01080207000003","With Digitized","120049705","ArtificialPath","55800","0.01061576136615","2","5","5","150025032","150024941","150004411","150004064","111.233","150002258","890.662","0","0","0","2","150004064","150004437","150004064","150004382","2","150004383","94.75405","100","0","0","0","0.5454","1492.9416","1492.9416","0","0.0206063868519","StreamRiver","0.630820178458",NA,"-9998","5333","5627","5333","0.0028107","0"," ","1.046","1211.182","1.93074","1256.376","1.93556","1181.934","1.92753","513.89","1.33743","1122.069","1.84075","1248.158","1.97509","276.182","1.0484","1032.041","1.77419","1313.757","2.02105","1020.455","1.78965","3487.414","3.10654","1640.285","2.2353","2685.036","2.78429","7440.914","4.4928","1392.431","2.07476","2762.594","2.82201","2005.09","2.39401","1403.64","2.0823","1469.763","2.10631","638.384","1.44419","1273.205","1.99277","792.887","1.60391","361.245","1.14784","769.538","1.59761","521.661","1.34567","274.577","1.03405","730.169","1.56216","723.591","1.5425","349.545","1.13329","750.896","1.58093","1184.287","1.91151","748.561","1.54439","822.989","1.64441","1548.803","2.15702","1232.522","1.91909","949.082","1.74947","1043.516","1.80733","1569.075","2.13939","1127.109","1.88721",NA,NA,NA,"01a","01","1","HUC-01","HUC-0108","HUC-010802","HUC-01080207","HUC-0108020706","HUC-010802070602",100,0.84,0.06,100,0,100,0,100,0.0516,328642.1825,204483.5438,100,3.98,4.02,4.13,3.76,4.21,4.33,4.25,3.85,100,3,0,8.07,4.85,2.63,0.56,0.2,30.51,3.51,34.04,0.43,0.58,2.45,0.89,7.95,0.33,0.273900048828125,1.14629626433517,"Southern Rockies","WESTERN CORDILLERA","NORTHWESTERN FORESTED MOUNTAINS","Northern Appalachian and Atlantic Maritime Highlands","ATLANTIC HIGHLANDS","NORTHERN FORESTS",3.25989985466003,12.0999994277954,-5.57959985733032,403.802001953125,6.2500057220459,2.28079628944397,89.9631576538086,4.44764280319214,852.825561523438,0.107937142252922,5.69829401532782,1.87197246582892,98.0204236788195,2.89612511661227,1199.28356794405,0.0755496955427462,c(-106.85461, 38.677325)
"CT-MOOS",4570675,"nhdflowline_network.40733","1999-08-12 21:00:00","Medium","1458528","Moose River","3.068","01080102000010","With Digitized","0","StreamRiver","46006","0.0346845724703801","3","3","3","150015686","150015732","150017736","150012340","493.329","150002258","86.373","0","0","0","3","150012340","150018900","150012340","0","1","150016727","72.71698","100","0","0","0","15.2145","208.9341","208.9341","0","0.077725353845"," ","9.63887653484",NA,"-9998","32214","34362","32214","0.0070013","0"," ","3.068","158.375","1.4957","169.969","1.50252","163.67","1.49887","46.308","0.9264","113.595","1.27249","97.484","1.21252","23.411","0.73861","102.442","1.22101","92.684","1.1886","12.159","0.61221","121.04","1.30554","210.424","1.66879","149.35","1.45928","309.669","1.95045","477.583","2.41061","407.063","2.26841","306.994","1.94291","279.024","1.88869","314.604","2.01779","166.425","1.48923","114.747","1.29428","182.078","1.58697","94.214","1.18132","82.562","1.13617","143.659","1.43578","88.337","1.15197","88.852","1.16908","155.188","1.48296","95.961","1.18988","81.827","1.13225","184.068","1.59437","134.059","1.36112","138.69","1.39865","190.557","1.61825","156.398","1.4509","163.483","1.49815","92.948","1.20307","139.628","1.38412","136.335","1.38878",NA,NA,NA,"01a","01","1","HUC-01","HUC-0108","HUC-010801","HUC-01080102","HUC-0108010202","HUC-010801020202",100,0.07,0,100,0,100,0,100,0.0048,897.3593,749.7673,100,0.16,0.16,0.16,0.15,0.16,0.18,0.17,0.15,100,0.1,0,1.38,0.23,0.06,0,0,46.6,12.77,25.91,5.78,0.33,0.18,0,6.51,0.16,0.394800415039062,1.2882737287454,"Southern Rockies","WESTERN CORDILLERA","NORTHWESTERN FORESTED MOUNTAINS","Northern Appalachian and Atlantic Maritime Highlands","ATLANTIC HIGHLANDS","NORTHERN FORESTS",1.6049998998642,10.460000038147,-7.25329971313477,530.572998046875,6.47999286651611,1.98724842071533,90,4.06653261184692,785.410278320312,0.124131947755814,5.08011649188048,2.41885640449035,98.5980781472248,2.37249818277655,777.193797567616,0.0529685598069235,c(-106.605516, 38.818742)
"CT-NEPA",6109457,"nhdflowline_network.52523","1999-09-05 21:00:00","Medium","209213","Nepaug River","6.224","01080207000232","With Digitized","0","StreamRiver","46006","0.0668379773660667","4","3","3","150024914","150024992","150018691","150014963","163.575","150002258","42.565","0","0","0","4","150014963","150020047","150014963","0","1","150017550","0","94.19421","0","0","0","12.267","62.0703","62.0703","0","0.244291228292"," ","180.512850723",NA,"-9998","15531","16090","15531","0.00089813","0"," ","6.224","52.941","0.96273","57.868","0.96746","57.868","0.96746","22.977","0.72846","58.306","0.97011","58.306","0.97011","11.518","0.5995","52.741","0.93578","52.741","0.93578","43.477","0.89776","318.228","1.93781","318.228","1.93781","118.913","1.31397","240.98","1.71415","240.98","1.71415","116.384","1.30256","90.001","1.14166","90.001","1.14166","61.619","1.01766","40.154","0.85121","40.154","0.85121","33.303","0.81996","19.96","0.6829","19.96","0.6829","22.392","0.72274","17.228","0.65474","17.228","0.65474","36.93","0.84883","28.748","0.76296","28.748","0.76296","54.133","0.97051","43.276","0.87323","43.276","0.87323","67.27","1.05149","56.065","0.95648","56.065","0.95648","46.676","0.9204","70.099","1.03811","70.099","1.03811",NA,NA,NA,"01a","01","1","HUC-01","HUC-0108","HUC-010802","HUC-01080207","HUC-0108020704","HUC-010802070401",100,2.4,0.2,100,0,100,0,100,0.0161,1152.5938,1152.5938,100,1.41,1.47,1.57,1.28,1.61,1.67,1.63,1.37,100,0.19,0,6.55,2.45,0.66,0.09,0.1,34.11,5.7,35.44,0.46,0.66,5.78,0.36,6.94,0.51,0.1215,1.14350720542043,"Colorado Plateaus","COLD DESERTS","NORTH AMERICAN DESERTS","Northern Appalachian and Atlantic Maritime Highlands","ATLANTIC HIGHLANDS","NORTHERN FORESTS",11.7599000930786,19.2398986816406,4.27539968490601,237.705993652344,4.07897663116455,2.43733072280884,89.4187774658203,1.67460525035858,322.900268554688,0.0467790812253952,5.98749615645863,1.90098532668901,96.0045634381453,3.18865231142382,1387.78037455296,0.0804597438802836,c(-108.453774, 38.97856)
"CT-PASS",4572379,"nhdflowline_network.40915","2008-07-09 21:00:00","Medium","1458902","Passumpsic River","2.87","01080102000171","With Digitized","120049669","ArtificialPath","55800","0.0306448826559533","2","4","4","150015768","150015776","150010058","150003857","459.512","150002258","510.031","0","0","0","2","150003857","150010322","150003857","0","1","150009823","0","36.76716","0","0","0","5.6574","1125.1035","1125.1035","0","0.0535233662234","StreamRiver","8.75513795639",NA,"-9998","14610","16517","14610","0.00664459","0"," ","2.87","745.092","2.0231","779.199","2.02933","818.2","2.03615","232.711","1.23272","527.966","1.70799","576.263","1.74271","116.596","0.9488","460.405","1.60984","554.675","1.71392","62.948","0.77003","421.379","1.55005","1132.364","2.36155","879.226","2.18065","2178.184","3.27888","2160.361","3.20166","2020.288","3.22059","1475.54","2.72392","1325.199","2.54035","1343.149","2.65306","590.15","1.79324","657.432","1.84667","757.446","2.03814","346.466","1.42747","461.373","1.58297","594.25","1.82903","307.909","1.35951","439.478","1.55049","661.586","1.91822","324.217","1.38872","402.377","1.49366","853.969","2.15189","553.381","1.74337","627.763","1.80941","958.054","2.26798","767.825","2.01595","764.888","1.97543","466.045","1.64493","700.545","1.93479","715.981","1.91795",NA,NA,NA,"01a","01","1","HUC-01","HUC-0108","HUC-010801","HUC-01080102","HUC-0108010204","HUC-010801020403",100,4.21,0.59,100,0,100,0,100,0.0107,4454.3717,2990.7768,100,1.55,1.57,1.58,1.51,1.6,1.64,1.63,1.53,100,0.36,0,3.34,1.89,0.99,0.22,0.09,34.11,15.41,26.68,3.06,1.35,7.68,0.52,4.07,0.24,0.217200024414062,1.24924352645211,"Colorado Plateaus","COLD DESERTS","NORTH AMERICAN DESERTS","Northern Appalachian and Atlantic Maritime Highlands","ATLANTIC HIGHLANDS","NORTHERN FORESTS",7.19999980926514,16.0299987792969,-1.63229990005493,468.744995117188,5.2302041053772,3.06418490409851,89.9170837402344,2.78287506103516,522.507019042969,0.0682236850261688,4.52575119719531,2.31858416241233,98.5687794277275,2.21724495742895,721.438647741053,0.0493462972121461,c(-107.648756, 38.528285)
"CT-PHEL",6109235,"nhdflowline_network.52531","1999-09-05 21:00:00","Medium","209730","Phelps Brook","5.659","01080207000238","With Digitized","0","StreamRiver","46006","0.0605752921220155","5","1","1","150058708","150024993","150058009","150043045","163.783","150002258","5.659","0","1","0","5","0","0","150043045","0","1","150043045","0","100","0","0","0","7.8183","7.8183","7.8183","0","0.21845034759"," ","193.196857235","0.0891","26667","15275","26667","15275","0.02068264","0","H","5.508","6.567","0.97695","7.433","0.98369","7.433","0.98369","2.963","0.74653","8.302","1.02453","8.302","1.02453","1.485","0.61199","7.753","0.99898","7.753","0.99898","5.612","0.92343","67.326","2.48448","67.326","2.48448","15.087","1.34822","24.85","1.59022","24.85","1.59022","13.985","1.30717","11.284","1.15128","11.284","1.15128","7.361","1.01873","6.294","0.92661","6.294","0.92661","3.983","0.82105","2.868","0.71566","2.868","0.71566","2.599","0.71707","2.593","0.69444","2.593","0.69444","4.534","0.85757","4.94","0.85199","4.94","0.85199","6.75","0.98678","6.323","0.92812","6.323","0.92812","8.407","1.07066","7.224","0.97354","7.224","0.97354","6.027","0.94717","9.045","1.05788","9.045","1.05788",NA,NA,NA,"01a","01","1","HUC-01","HUC-0108","HUC-010802","HUC-01080207","HUC-0108020704","HUC-010802070401",100,0.59,0,100,0,100,0,100,0,0,0,100,1.51,1.51,1.52,1.45,1.56,1.59,1.57,1.48,100,0.25,0,6,3.27,0.3,0,0,49.95,2.59,19.28,0.08,0.31,4.29,0,13.54,0.14,0.199999963378906,1.128575,"Southern Rockies","WESTERN CORDILLERA","NORTHWESTERN FORESTED MOUNTAINS","Northeastern Coastal Zone","MIXED WOOD PLAINS","EASTERN TEMPERATE FORESTS",3.57489991188049,12.7599992752075,-5.60969972610474,263.915008544922,6.26617622375488,2.61179661750793,90,4.57657957077026,961.368591308594,0.161198765039444,5.80362925630935,1.72105038419683,95.7393740390209,3.20405468534916,1362.31926321476,0.0761903636950128,c(-106.954043, 38.530225)
"CT-POPE",4572347,"nhdflowline_network.40834","1999-08-12 21:00:00","Medium","1459041","Pope Brook","5.068","01080102000101","With Digitized","0","StreamRiver","46006","0.0596985101664643","5","1","1","150055244","150015747","150061434","150061434","479.525","150002258","5.068","0","1","0","4","0","0","150045008","0","1","150045008","0","100","0","0","0","11.1456","11.1456","11.1456","0","0.174496819573"," ","9.35540000634","1.4841","49819","30899","49819","30899","0.03847092","0","H","4.918","8.208","1.10044","9.256","1.10819","8.523","1.10286","2.376","0.71847","6.728","0.98356","7.312","1.04077","1.181","0.5913","6.255","0.95793","5.266","0.92362","0.599","0.50568","12.338","1.24005","9.354","1.14309","7.733","1.07576","11.91","1.22275","27.247","1.78099","21.317","1.62315","17.054","1.41478","13.026","1.30356","16.236","1.44616","12.548","1.24844","6.185","0.97848","9.552","1.16685","6.378","0.96468","4.716","0.88862","7.816","1.08012","6.827","0.98882","4.41","0.86831","7.667","1.07228","7.68","1.03272","3.903","0.83315","9.643","1.17119","8.791","1.08659","5.534","0.94005","9.713","1.17451","8.329","1.0646","7.929","1.07296","4.752","0.90092","7.13","1.0047","7.475","1.04939",NA,NA,NA,"01a","01","1","HUC-01","HUC-0108","HUC-010801","HUC-01080102","HUC-0108010204","HUC-010801020401",100,7.55,0.62,100,0,100,0,100,0,0,0,100,0.72,0.74,0.75,0.72,0.75,0.8,0.8,0.72,100,0,0,2.75,0.93,0.46,0.08,0,49.26,9.12,17.1,3.88,1.32,12.69,1.29,1.06,0.06,0.1955,1.30949983552632,"Southern Rockies","WESTERN CORDILLERA","NORTHWESTERN FORESTED MOUNTAINS","Northern Appalachian and Atlantic Maritime Highlands","ATLANTIC HIGHLANDS","NORTHERN FORESTS",3.79999995231628,12.9200000762939,-5.318199634552,255.485000610352,6.41951990127563,2.56159806251526,90,4.60435009002686,991.628662109375,0.162307664752007,3.87258381396532,1.88586013205349,98.6356103420258,2.07387877255678,708.283583641052,0.0446617728448473,c(-106.99268, 38.51811)
"CT-SLPR",4572307,"nhdflowline_network.40798","1999-08-12 21:00:00","Medium","1459534","Sleepers River","6.831","01080102000065","With Digitized","0","StreamRiver","46006","0.0720199704899927","3","3","3","150015756","150015773","150024131","150022015","467.406","150002258","70.278","0","0","0","3","150022015","150026827","150022015","0","1","150022015","1.23068","100","0","0","0","15.7788","120.4659","120.4659","0","0.194887531631"," ","8.99578194211",NA,"-9998","16379","21121","16531","0.00671936","0"," ","6.831","74.019","1.33026","80.455","1.33719","74.665","1.33098","23.563","0.86484","59.721","1.18661","66.546","1.27035","11.805","0.6939","53.968","1.14062","48.145","1.11844","6.511","0.58946","75.357","1.30204","100.954","1.50862","100.069","1.50771","199.31","1.97383","230.344","2.16833","205.89","2.06759","157.409","1.77766","109.161","1.55949","129.168","1.68179","76.569","1.31049","48.226","1.11916","72.815","1.3214","40.786","1.02563","39.376","1.03641","54.789","1.1794","37.843","0.99766","39.455","1.03719","56.591","1.19449","41.138","1.02891","31.186","0.95162","83.203","1.39574","64.374","1.22231","57.539","1.19886","97.127","1.48885","80.512","1.33757","75.1","1.33414","47.205","1.11314","70.894","1.27034","72.744","1.31693",NA,NA,NA,"01a","01","1","HUC-01","HUC-0108","HUC-010801","HUC-01080102","HUC-0108010204","HUC-010801020401",100,8.42,1.15,100,0,100,0,100,0,0,0,100,1.71,1.73,1.74,1.68,1.76,1.79,1.78,1.7,100,0.03,0,3.47,1.93,1.28,0.15,0.02,31.3,17.37,23.38,3,1.29,13.36,0.65,2.6,0.17,1.199,1.21426829410475,"Northern Appalachian and Atlantic Maritime Highlands","ATLANTIC HIGHLANDS","NORTHERN FORESTS","Northern Appalachian and Atlantic Maritime Highlands","ATLANTIC HIGHLANDS","NORTHERN FORESTS",4.98000001907349,11.3499994277954,-1.39169991016388,1157.95703125,5.05443000793457,2.54442501068115,98.002571105957,1.98102962970734,649.349243164062,0.0492344573140144,3.96072277977721,1.95394300497495,98.6640246619097,2.12811159186679,730.774819728012,0.0460136033011432,c(-71.889142, 44.665248)
"CT-STIL",6111419,"nhdflowline_network.52344","1999-09-05 21:00:00","Medium","210634","Sandy Brook","1.918","01080207000070","With Digitized","0","StreamRiver","46006","0.0206756401838007","4","4","4","150025109","150025064","150011868","150011508","179.418","150002258","137.278","0","0","0","4","150011508","150012694","150011508","0","1","150011508","0","100","0","0","0","1.9152","222.6708","222.6708","0","0.0491047064323"," ","2.90157340785",NA,"-9998","15078","16174","15078","0.00571428","0"," ","1.918","192.441","1.48737","205.858","1.49382","184.19","1.48319","68.374","0.98895","164.592","1.36104","213.972","1.58051","34.096","0.77873","145.652","1.29488","216.033","1.587","114.549","1.20348","663.633","2.51545","324.206","1.89457","382.654","2.00668","872.014","2.85985","350.603","1.96189","489.679","2.2443","367.936","1.92199","223.387","1.60993","261.104","1.69473","141.456","1.27969","146.776","1.34975","140.033","1.30424","74.123","0.99754","71.467","1.01901","100.76","1.14455","64.666","0.94936","62.305","0.96908","140.183","1.3048","88.108","1.06379","87.582","1.10004","197.024","1.50219","142.755","1.28441","141.175","1.32846","243.87","1.64537","199.428","1.47401","176.184","1.45579","138.345","1.29784","207.858","1.49992","200.26","1.53655",NA,NA,NA,"01a","01","1","HUC-01","HUC-0108","HUC-010802","HUC-01080207","HUC-0108020701","HUC-010802070102",100,0.92,0.09,100,0,100,0,100,0.0763,171880.0316,151039.9614,100,2.22,2.26,2.38,2.09,2.4,2.46,2.42,2.15,100,2.5,0,5.25,2.7,1.46,0.35,0.18,29.11,3.33,43.62,0.27,0.36,2.37,0.03,8.07,0.41,1.13280009765625,1.20861998409598,"Northern Appalachian and Atlantic Maritime Highlands","ATLANTIC HIGHLANDS","NORTHERN FORESTS","Northern Appalachian and Atlantic Maritime Highlands","ATLANTIC HIGHLANDS","NORTHERN FORESTS",4.9899001121521,11.3199996948242,-1.34089994430542,1122.92993164062,4.92117166519165,2.41152358055115,98.5839614868164,2.45815467834473,819.866821289062,0.0525476336479187,5.92336975625067,2.29016869519696,97.7539046721025,2.92119479648995,1148.79863854611,0.0894963483015696,c(-71.822884, 44.513207)
"CT-THOM",7700898,"nhdflowline_network.51370","2008-07-20 21:00:00","Medium","206425","Connecticut River","1.1","01080205000970","With Digitized","120049705","ArtificialPath","55800","0.0104140431758124","1","6","6","150039110","150039111","150002345","150002258","106.577","150002258","17046.195","0","0","0","1","150002258","150002346","150002258","150002344","2","150002343","0","83.41139","0","0","0","1.2924","25008.6483","25008.6483","0","0.0154983654194","StreamRiver","0.175355067351",NA,"-9998","1099","1162","1099","0.00057272","0"," ","1.1","17591.384","2.68798","17449.3","2.68642","18253.897","2.69512","5851.065","1.63472","11357.741","2.20158","15887.943","2.52552","2956.993","1.23154","9494.81","2.02978","15858.013","2.5233","6506.014","1.71159","14218.665","2.44144","27760.361","3.29021","30300.294","3.48451","107102.732","6.54081","43996.571","4.11623","45131.292","4.23281","30974.553","3.53359","27334.034","3.26581","29354.767","3.43149","8693.65","1.95106","14814.017","2.44463","16345.449","2.59695","5732.087","1.62512","9414.053","1.98758","11305.487","2.19007","4106.56","1.41143","8356.636","1.88463","11710.181","2.22554","3619.726","1.33994","7700.039","1.81761","17722.287","2.69737","9116.606","1.99302","13083.631","2.30828","22264.069","3.00505","17035.222","2.65629","16664.732","2.58243","11765.954","2.23038","17708.579","2.70512","18290.618","2.69767",NA,NA,NA,"01a","01","1","HUC-01","HUC-0108","HUC-010802","HUC-01080205","HUC-0108020501","HUC-010802050105",98.817,2.18,0.3,100,3e-04,98.8167,0,98.8167,0.0323,203143.674,122714.3826,98.817,2.13,2.16,2.19,2.06,2.23,2.28,2.25,2.09,98.817,1.99,0,3.84,2.31,1.44,0.4,0.19,29.97,16.12,29.69,1.79,1.09,4.92,0.71,5.24,0.31,1.0880001953125,1.1933602461786,"Northern Appalachian and Atlantic Maritime Highlands","ATLANTIC HIGHLANDS","NORTHERN FORESTS","Northern Appalachian and Atlantic Maritime Highlands","ATLANTIC HIGHLANDS","NORTHERN FORESTS",5.88489961624146,12.0199995040894,-0.25450000166893,1028.126953125,4.10611724853516,2.1408896446228,98.7506866455078,2.33680438995361,799.257690429688,0.048230554908514,5.25691255748209,1.83660108990706,98.8798940578889,2.989829786878,1080.41517822514,0.0737291027383412,c(-72.058597, 44.447065)
"CT-UNIO",6109643,"nhdflowline_network.52286","2008-07-20 21:00:00","Medium","211923","West Branch Farmington River","0.782","01080207000019","With Digitized","7710638","ArtificialPath","55800","0.00937621012781695","3","5","5","150025000","150025049","150005043","150004688","147.726","150002258","586.121","0","0","0","3","150004688","150005093","150004688","0","1","150004994","0","14.88897","0","0","0","0.8298","978.5736","978.5736","0","0.0329702326253","StreamRiver","2.0096275621",NA,"-9998","5963","6232","6232","1e-05","0"," ","0.782","829.84","0.91122","866.264","0.91332","667.039","0.90065","310.204","0.66589","694.065","0.84616","691.254","0.91197","156.116","0.55666","605.059","0.80836","670.574","0.90231","549.433","0.79268","2180.301","1.29596","1005.316","1.04479","1716.964","1.19528","4549.247","1.76781","1275.627","1.14405","2058.62","1.28499","1502.97","1.11893","834.61","0.9755","1099.281","1.00829","495.536","0.75806","696.931","0.9146","588.514","0.81067","275.135","0.6374","370.926","0.74208","397.218","0.71604","216.061","0.59777","428.949","0.77687","566.782","0.80074","284.733","0.64345","401.976","0.76099","837.388","0.91412","543.447","0.78065","475.615","0.80328","1055.533","0.99336","844.742","0.90529","593.717","0.86514","627.892","0.82825","943.938","0.94154","628.518","0.88223",NA,NA,NA,"01a","01","1","HUC-01","HUC-0108","HUC-010802","HUC-01080207","HUC-0108020704","HUC-010802070405",100,0.77,0.07,100,0,100,0,100,0.0572,491505.5301,304444.0787,100,1.53,1.55,1.62,1.42,1.65,1.7,1.67,1.47,100,3.96,0,5.21,2.17,0.88,0.16,0.18,30.06,3.64,42.67,0.49,0.59,1.96,0.04,7.61,0.37,1.35789990234375,1.18986578322221,"Northern Appalachian and Atlantic Maritime Highlands","ATLANTIC HIGHLANDS","NORTHERN FORESTS","Northern Appalachian and Atlantic Maritime Highlands","ATLANTIC HIGHLANDS","NORTHERN FORESTS",4.59489965438843,10.2898998260498,-1.1032999753952,1278.27294921875,3.85112524032593,1.88626325130463,98.5833358764648,2.05989265441895,705.505493164062,0.0442890860140324,5.75728093776192,2.08823262004885,98.2329042861661,2.90840911003878,1132.15188936779,0.0814973776041173,c(-72.161497, 44.488724)
"CUL-LAP",23700639,"nhdflowline_network.2487856","2001-02-27 21:00:00","Medium","1140540","Cultus River","2.541","17070301000977","With Digitized","0","StreamRiver","46006","0.0244407576939601","3","2","2","50070571","50070569","50067822","50062048","702.272","50001315","15.242","0","0","0","3","50062048","50075251","50062048","0","1","50062048","0","100","0","0","0","7.1703","52.0434","52.0434","0","0.0931240180815"," ","291.178390198",NA,"-9998","135605","136073","135605","0.00184179","0"," ","2.541","55.144","1.02528","53.24","1.02324","66.382","1.03613","33.488","0.85847","100.407","1.30958","55.509","0.97018","38.727","0.90261","129.381","1.45386","52.254","0.94928","57.683","1.04262","113.948","1.37915","52.381","0.95011","74.483","1.14935","85.11","1.22546","56.404","0.97583","85.888","1.21544","82.847","1.21243","70.589","1.06027","83.285","1.20074","75.984","1.17186","76.54","1.09328","72.523","1.13753","50.571","1.00398","77.028","1.09594","58.907","1.05085","38.043","0.9064","77.52","1.0986","36.213","0.88181","35.518","0.88498","73.09","1.0743","33.767","0.8609","38.277","0.90835","69.657","1.05498","49.053","0.98207","54.867","1.03476","65.811","1.0328","37.929","0.89608","76.326","1.17392","60.283","0.99982",NA,NA,NA,"17c","17","1","HUC-17","HUC-1707","HUC-170703","HUC-17070301","HUC-1707030101","HUC-170703010107",100,0,0,100,0,100,0,100,0,0,0,100,0.09,0.09,0.09,0.09,0.1,0.1,0.1,0.09,100,0.72,0,0.47,0.09,0.01,0,1.05,0.01,91.83,0,5.05,0.36,0,0,0.2,0.21,1.0243001953125,0.949918391737827,"Northern Appalachian and Atlantic Maritime Highlands","ATLANTIC HIGHLANDS","NORTHERN FORESTS","Cascades","WESTERN CORDILLERA","NORTHWESTERN FORESTED MOUNTAINS",6.64989995956421,12.6599998474121,0.639699995517731,1002.93194580078,4.32791709899902,2.07181429862976,98.5841827392578,2.39690685272217,872.456115722656,0.0493414327502251,9.0624627211155,2.76541471099242,52,5.03912527438922,936.521214998685,0.155541479826356,c(-72.02634, 44.37481)
"DES-BFA",23700413,"nhdflowline_network.2487364","2001-02-27 21:00:00","Medium","1140916","Deschutes River","3.773","17070301000177","With Digitized","23703977","ArtificialPath","55800","0.0418480732693409","2","5","5","50070467","50070463","50012147","50005662","610.757","50001315","931.912","0","0","0","2","50005662","50012240","50005662","0","1","50012058","13.26685","100","0","0","0","23.8077","3606.912","3606.912","0","0.0838503738484","StreamRiver","15.8482818701",NA,"-9998","126320","126499","126320","0.00047442","0"," ","3.773","1804.097","1.74817","1905.211","1.75454","1279.458","1.70865","1075.453","1.40234","1401.873","1.53715","660.768","1.29427","1933.767","1.80223","1981.53","1.78502","607.456","1.2512","3193.046","2.25803","2835.384","2.09447","981.058","1.52449","3282.775","2.28693","3423.61","2.28252","1772.258","1.97312","3033.006","2.20552","3966.536","2.44301","2376.196","2.25362","2430.955","1.99521","3070.63","2.17169","2085.79","2.12353","1786.016","1.74049","1334.26","1.50532","1099.88","1.6006","1299.808","1.51813","630.235","1.1121","703.625","1.32772","908.899","1.30884","512.546","1.02856","554.285","1.20644","787.265","1.23535","553.149","1.05831","497.697","1.15653","1015.643","1.3696","1042.367","1.35826","773.074","1.37997","913.188","1.31134","1214.781","1.44715","770.988","1.37843",NA,NA,NA,"17c","17","1","HUC-17","HUC-1707","HUC-170703","HUC-17070301","HUC-1707030104","HUC-170703010402",100,0,0,100,0.0124,100,0,100,0.0017,203073.7893,185215.764,100,0.62,0.62,0.65,0.6,0.66,0.68,0.67,0.61,100,2,0.01,1.86,0.54,0.15,0.02,0.33,0,65.41,0,24.77,1.97,0.22,0.01,1.4,1.31,1.14,0.594425466160221,"Northeastern Coastal Zone","MIXED WOOD PLAINS","EASTERN TEMPERATE FORESTS","Eastern Cascades Slopes and Foothills","WESTERN CORDILLERA","NORTHWESTERN FORESTED MOUNTAINS",8.76989936828613,14.5099992752075,3.03309988975525,1376.31799316406,5.80707263946533,1.72603487968445,95.7498245239258,3.20282435417175,1361.7470703125,0.0764196217060089,8.41840783140247,2.44834423879449,52.0015229473392,3.97616021704063,853.171921966423,0.11925228197059,c(-72.998644, 41.786437)
"DES-LAP",23700583,"nhdflowline_network.2487423","2001-02-27 21:00:00","Medium","1140916","Deschutes River","0.072","17070301000236","With Digitized","0","StreamRiver","46006","0.000669093002922015","2","2","2","50070545","50070546","50050235","50005662","703.932","50001315","24.875","0","0","0","2","50005662","50067823","50005662","50047430","2","50047431","0","100","1","0","0","0.0054","106.623","106.623","0","0.00218647442531"," ","300.328396011",NA,"-9998","135615","135642","135615","0.00375","0"," ","0.072","108.509","1.25178","106.601","1.25043","106.601","1.25043","65.867","1.03212","167.881","1.50734","167.881","1.50734","76.921","1.09426","208.852","1.65475","208.852","1.65475","115.677","1.28438","198.931","1.6204","198.931","1.6204","154.142","1.44509","173.07","1.52688","173.07","1.52688","189.907","1.57828","196.026","1.61019","196.026","1.61019","180.663","1.54507","177.606","1.54374","177.606","1.54374","136.855","1.37551","96.743","1.20312","96.743","1.20312","94.006","1.18258","58.138","0.99113","58.138","0.99113","61.303","1.00504","54.929","0.97085","54.929","0.97085","54.536","0.96308","57.479","0.98701","57.479","0.98701","96.888","1.19671","106.298","1.24901","106.298","1.24901","76.038","1.08946","139.776","1.3962","139.776","1.3962",NA,NA,NA,"17c","17","1","HUC-17","HUC-1707","HUC-170703","HUC-17070301","HUC-1707030101","HUC-170703010104",100,0,0,100,0,100,0,100,0,0,0,100,0.2,0.2,0.2,0.2,0.2,0.21,0.2,0.2,100,1.92,0.03,1.7,0.14,0.03,0,2.74,0,79.86,0.02,9.07,2.85,0,0,1.14,0.5,1.12770009765625,0.923558924410636,"Northeastern Coastal Zone","MIXED WOOD PLAINS","EASTERN TEMPERATE FORESTS","Cascades","WESTERN CORDILLERA","NORTHWESTERN FORESTED MOUNTAINS",8.96990013122559,14.7399997711182,3.2039999961853,1372.52197265625,5.81416893005371,1.71132910251617,95.6828155517578,3.22750926017761,1375.48742675781,0.0755722895264626,8.88339011698234,2.69368020790379,52,4.66479173411683,914.66257969926,0.151522667556093,c(-72.982522, 41.775521)
"DES-MAD",23719673,"nhdflowline_network.2490778","2001-02-27 21:00:00","Medium","1140916","Deschutes River","4.293","17070306000470","With Digitized","120049172","ArtificialPath","55800","0.0445410366371555","2","6","6","50072234","50072233","50008515","50005662","480.082","50001315","7849.933","0","0","0","2","50005662","50008553","50005662","0","1","50008477","0","100","0","0","0","9.558","18388.1277","18388.1277","0","0.0551052455824","StreamRiver","3.40361940197",NA,"-9998","41620","43890","42643","0.00290472","0"," ","4.293","3589.177","2.89567","3857.967","2.91084","4821.784","2.95828","2308.173","2.35501","2504.675","2.37741","5496.964","3.14925","3777.781","2.96699","3161.856","2.6499","5553.667","3.16477","5885.9","3.67282","4627.1","3.17459","5881.513","3.2531","6197.381","3.76621","6364.896","3.70339","5403.644","3.12354","5795.295","3.64521","8009.931","4.14417","4598.841","2.8925","4661.205","3.28083","6269.199","3.67619","4372.442","2.82415","3581.449","2.89271","2715.897","2.4683","4113.549","2.74392","2747.928","2.55358","1243.107","1.73469","4020.801","2.71461","2044.435","2.2273","1003.072","1.58112","4062.088","2.72769","1906.534","2.15745","1171.171","1.69025","4358.321","2.81983","2272.149","2.33798","2279.225","2.27633","4818.942","2.95745","1913.379","2.16097","2311.752","2.29119","5224.074","3.07347",NA,NA,NA,"17c","17","1","HUC-17","HUC-1707","HUC-170703","HUC-17070306","HUC-1707030603","HUC-170703060304",100,0.04,0,100,0.0414,100,0,100,0.0036,96667.3468,93011.7421,100,0.71,0.71,0.74,0.66,0.75,0.79,0.76,0.68,100,0.65,0.06,1.46,0.9,0.28,0.04,0.57,0,30.62,0,55.3,5.9,1.42,1.36,0.56,0.88,1.11020009765625,0.38840668961262,"Northern Appalachian and Atlantic Maritime Highlands","ATLANTIC HIGHLANDS","NORTHERN FORESTS","Blue Mountains","WESTERN CORDILLERA","NORTHWESTERN FORESTED MOUNTAINS",8.94989967346191,14.789999961853,3.10609984397888,1377.2919921875,6.00656604766846,1.85544991493225,96.0797653198242,3.14564776420593,1374.23645019531,0.078492671251297,8.62362733803129,3.17092043548264,51.94316161121,5.53217404881622,966.760804775485,0.0904022409674076,c(-72.99955, 41.831348)
"DES-MOO",23718705,"nhdflowline_network.2490298","2001-02-27 21:00:00","Medium","1140916","Deschutes River","2.357","17070306000026","With Digitized","120049152","ArtificialPath","55800","0.0226597400843384","2","6","6","50071777","50071776","50005711","50005662","323.911","50001315","13138.461","0","0","0","2","50005662","50005727","50005662","0","1","50005692","0","100","0","0","0","5.2659","25189.3503","25189.3503","0","0.0289097268176","StreamRiver","1.27743390507",NA,"-9998","5141","5789","5161","0.0026644","0"," ","2.357","4906.695","3.05129","5316.719","3.06918","5988.071","3.0959","3611.099","2.6392","3519.285","2.52599","7308.644","3.40705","5623.424","3.25723","4173.458","2.73612","7796.421","3.5152","8053.934","3.87693","5948.03","3.23866","7726.424","3.49988","8176.932","3.90577","8341.964","3.81518","7009.256","3.33899","7656.466","3.78231","10837.05","4.33791","6032.15","3.10677","6184.396","3.40995","8547.772","3.86086","5365.897","2.93815","4621.587","2.96547","3523.93","2.52755","4699.283","2.75929","3453.533","2.58463","1529.578","1.73309","4477.279","2.69711","2554.114","2.24769","1206.143","1.56425","4523.321","2.71012","2521.706","2.23459","1484.647","1.71072","4873.217","2.80705","3442.418","2.58074","3412.645","2.49005","5578.422","2.99296","3010.245","2.4245","3428.75","2.49551","6575.396","3.23789",NA,NA,NA,"17c","17","1","HUC-17","HUC-1707","HUC-170703","HUC-17070306","HUC-1707030612","HUC-170703061205",100,0.15,0.02,100,0.0374,100,0,100,0.0037,71809.1376,69010.0598,100,0.6,0.6,0.62,0.56,0.63,0.66,0.64,0.57,100,0.55,0.05,1.27,0.73,0.23,0.03,0.47,0,27.97,0.01,48.29,15.55,1.18,2.54,0.46,0.66,1.0252,0.428056807102902,"Northeastern Coastal Zone","MIXED WOOD PLAINS","EASTERN TEMPERATE FORESTS","Blue Mountains","WESTERN CORDILLERA","NORTHWESTERN FORESTED MOUNTAINS",10.3399000167847,15.9799995422363,4.70319986343384,1323.09997558594,5.53919315338135,1.42052662372589,96.2507781982422,2.97344446182251,1318.94616699219,0.0587069950997829,8.51802129720256,3.0040541563513,51.8295072820551,5.50909097960182,950.210214874306,0.0878579362453362,c(-72.89206, 41.756176)
"DES-WIC",23700493,"nhdflowline_network.2487408","2001-02-27 21:00:00","Medium","1140916","Deschutes River","2.496","17070301000218","With Digitized","0","StreamRiver","46006","0.0282956466231204","2","4","4","50070502","50070495","50022130","50005662","679.079","50001315","239.75","0","0","0","2","50005662","50022492","50005662","50021789","2","50021788","0","100","0","0","0","5.9427","662.4486","662.4486","0","0.0506121335728"," ","17.8297721125",NA,"-9998","130432","132335","130434","0.00761618","0"," ","2.496","549.22","1.88843","562.536","1.8915","485.305","1.87267","347.593","1.54767","594.238","1.93826","357.212","1.63776","446.613","1.7241","712.645","2.10335","382.596","1.68711","689.647","2.09148","831.038","2.25598","457.705","1.82478","841.001","2.28959","906.386","2.34784","715.022","2.23009","890.049","2.35013","1048.286","2.51159","886.247","2.46213","805.665","2.24494","914.859","2.35794","797.456","2.34471","642.837","2.02615","469.798","1.74707","418.188","1.75379","486.916","1.79057","258.572","1.35615","244.021","1.39423","333.841","1.52139","223.591","1.27832","200.765","1.28736","306.057","1.4667","248.226","1.33368","205.475","1.29949","442.014","1.71634","464.488","1.73842","357.989","1.63929","362.38","1.5754","543.662","1.86307","376.198","1.67482",NA,NA,NA,"17c","17","1","HUC-17","HUC-1707","HUC-170703","HUC-17070301","HUC-1707030102","HUC-170703010207",100,0,0,100,0,100,0,100,0.0045,882532.6457,847769.0858,100,0.2,0.2,0.2,0.19,0.2,0.2,0.2,0.19,100,5.66,0,0.82,0.06,0.01,0,0.7,0,78.19,0,9.55,1.55,0,0,0.75,2.71,1.00360009765625,0.845693729276702,"Northeastern Coastal Zone","MIXED WOOD PLAINS","EASTERN TEMPERATE FORESTS","Cascades","WESTERN CORDILLERA","NORTHWESTERN FORESTED MOUNTAINS",10.1198997497559,15.6700000762939,4.56869983673096,1263.83801269531,5.23626852035522,1.33968341350555,97.9142761230469,2.85391426086426,1243.666015625,0.0657027512788773,8.80235423166166,2.65474906600734,52,4.57305569524505,921.603074566484,0.142180750062389,c(-72.760016, 41.908743)
"EAS-ALM",1333418,"nhdflowline_network.2041636","1999-06-22 21:00:00","Medium","188856","East River","1.882","14020001000448","With Digitized","0","StreamRiver","46006","0.0184328774098071","6","4","4","760004159","760017667","760011139","760011139","1976.631","720000024","444.169","0","0","0","5","760011139","760011288","760003236","0","1","760010576","0","100","0","0","0","3.1644","749.4102","749.4102","0","0.0379319711891"," ","913.138407452",NA,"-9998","244052","245969","244357","0.00856535","1"," ","1.882","354.316","1.89083","360.302","1.89298","335.947","1.88402","43.747","0.82952","62.94","0.93581","63.011","0.95627","20.913","0.66055","67.052","0.95725","59.859","0.93885","11.543","0.56525","39.514","0.79839","72.517","1.00646","47.119","0.85047","69.047","0.96743","237.044","1.61769","555.985","2.31854","847.401","2.80379","960.483","3.06075","898.043","2.90138","2038.974","4.28601","1363.494","3.62355","908.038","2.91666","882.432","2.85805","607.211","2.46592","677.378","2.54079","309.151","1.76924","242.843","1.6346","462.179","2.13067","200.985","1.47066","134.229","1.27643","366.375","1.9192","152.167","1.31102","114.913","1.19977","175.495","1.39809","100.682","1.11357","94.904","1.11366","87.302","1.06051","78.698","1.01485","71.989","1.00376",NA,NA,NA,"14a","14","1","HUC-14","HUC-1402","HUC-140200","HUC-14020001","HUC-1402000102","HUC-140200010210",100,0.02,0,100,0.0052,100,0.0093,100,0.0027,911.8476,666.6034,100,0.46,0.48,0.49,0.43,0.51,0.53,0.52,0.44,100,0.1,0.45,1.24,0.4,0.22,0.04,3.28,16.05,29.24,2.51,34.46,4.36,1.37,0,3.88,2.4,1.13270009765625,0.460038148588614,"Northern Appalachian and Atlantic Maritime Highlands","ATLANTIC HIGHLANDS","NORTHERN FORESTS","Southern Rockies","WESTERN CORDILLERA","NORTHWESTERN FORESTED MOUNTAINS",9.15489959716797,15.039999961853,3.27189993858337,1315.51196289062,5.93644285202026,2.18770551681519,97.9456787109375,3.03811740875244,1313.25927734375,0.0874976813793182,6.06765954447153,1.95652337513146,89.9998518036985,3.97944395145532,940.454205806855,0.108325567376397,c(-73.037571, 41.971731)
"EAS-BRA",1332190,"nhdflowline_network.2041582","1999-06-27 21:00:00","Medium"," "," ","0.569","14020001000403","With Digitized","0","StreamRiver","46006","0.0059891538509486","7","1","1","760003891","760003893","760054444","760054444","2027.74","720000024","3.798","0","0","0","6","760054444","760083599","760011139","0","1","760023820","0","14.97157","0","0","0","1.2834","4.9086","4.9086","0","0.019507808093"," ","914.423890319",NA,"-9998","293586","300949","293586","0.12940246","1"," ","0.569","4.072","1.11169","3.822","1.10758","3.822","1.10758","0.743","0.6339","7.189","1.42614","7.189","1.42614","0.384","0.53766","3.169","1.0319","3.169","1.0319","0.173","0.45852","1.955","0.86821","1.955","0.86821","0.223","0.48019","3.257","1.0425","3.257","1.0425","3.081","1.00113","4.581","1.18827","4.581","1.18827","6.61","1.34735","7.291","1.43453","7.291","1.43453","9.953","1.59956","5.036","1.23365","5.036","1.23365","9.447","1.56428","3.203","1.03601","3.203","1.03601","7.862","1.44759","2.827","0.98933","2.827","0.98933","6.012","1.29633","2.535","0.95102","2.535","0.95102","2.946","0.98483","2.224","0.90788","2.224","0.90788","1.468","0.7757","2.954","1.00541","2.954","1.00541",NA,NA,NA,"14a","14","1","HUC-14","HUC-1402","HUC-140200","HUC-14020001","HUC-1402000102","HUC-140200010201",100,0,0,100,0,100,0,100,0,0,0,100,0.04,0.05,0.06,0,0.1,0.21,0.14,0.04,100,0,2.35,0.06,0.06,0.13,0.04,23.67,1.01,32.82,0.11,29.02,7.15,0,0,3.45,0.15,0.9796,0.531762408447266,"Northeastern Coastal Zone","MIXED WOOD PLAINS","EASTERN TEMPERATE FORESTS","Southern Rockies","WESTERN CORDILLERA","NORTHWESTERN FORESTED MOUNTAINS",10.5549993515015,15.960000038147,5.15350008010864,1217.66491699219,5.21993494033813,1.48162448406219,97.9207458496094,2.61847448348999,982.643371582031,0.0701975375413895,5.95686617264381,2.15834053663107,90,3.60802201124338,852.004270113432,0.113837979447383,c(-72.606805, 41.994946)
"EAS-PUM",1332754,"nhdflowline_network.2041250","1999-06-22 21:00:00","Medium","188856","East River","8.951","14020001000115","With Digitized","0","StreamRiver","46006","0.0932887995002816","6","2","2","760003954","760003961","760020474","760011139","2014.305","720000024","43.376","0","0","0","6","760011139","760021429","760011139","0","1","760019618","0","100","0","0","0","17.0991","86.7375","86.7375","0","0.245969904986"," ","914.03972777",NA,"-9998","275096","287173","275124","0.01346106","0"," ","8.951","64.431","1.38306","63.545","1.38185","63.545","1.38185","10.745","0.72355","29.804","1.0265","29.804","1.0265","5.407","0.59669","23.857","0.94645","23.857","0.94645","2.653","0.50593","13.786","0.78525","13.786","0.78525","3.899","0.55074","16.656","0.83562","16.656","0.83562","60.13","1.34435","90.688","1.605","90.688","1.605","119.967","1.80334","202.614","2.29536","202.614","2.29536","155.977","2.02693","117.497","1.79616","117.497","1.79616","146.73","1.97205","60.207","1.35153","60.207","1.35153","115.364","1.7726","47.024","1.22325","47.024","1.22325","88.238","1.57834","36.837","1.11201","36.837","1.11201","43.026","1.17566","27.129","0.99152","27.129","0.99152","21.435","0.90745","25.462","0.9689","25.462","0.9689",NA,NA,NA,"14a","14","1","HUC-14","HUC-1402","HUC-140200","HUC-14020001","HUC-1402000102","HUC-140200010201",100,0,0,100,0,100,0,100,0,0,0,100,0.12,0.13,0.14,0.11,0.15,0.17,0.16,0.12,100,0.09,2.45,1.04,0.11,0.06,0.02,11.01,10.2,22.92,1.01,37.54,6.16,0,0,5.36,2.04,0.33730009765625,0.509706037169012,"Eastern Cascades Slopes and Foothills","WESTERN CORDILLERA","NORTHWESTERN FORESTED MOUNTAINS","Southern Rockies","WESTERN CORDILLERA","NORTHWESTERN FORESTED MOUNTAINS",8.125,16.0100002288818,0.236299991607666,361.681976318359,9.25075531005859,3.64031052589417,52,5.42560148239136,836.907836914062,0.115394957363605,5.98527202096005,2.08028095568159,90,3.662430196142,856.612896075465,0.11280023596353,c(-121.550586, 44.252081)
"EAS-ROC",1332198,"nhdflowline_network.2041590","1999-06-27 21:00:00","Medium"," "," ","4.152","14020001000405","With Digitized","0","StreamRiver","46006","0.0454048482870983","7","1","1","760057565","760003894","760083611","760083611","2026.998","720000024","4.152","0","1","0","6","0","0","760011139","0","1","760022533","0","100","0","0","0","4.6413","4.6413","4.6413","0","0.140801595897"," ","914.399269146","0.2826","353741","292776","353741","292776","0.1523744","1","H","4.001","3.949","1.12397","3.704","1.11975","3.704","1.11975","0.664","0.62484","6.771","1.42609","6.771","1.42609","0.329","0.52634","2.815","1.00972","2.815","1.00972","0.15","0.45202","1.768","0.85624","1.768","0.85624","0.182","0.46755","2.905","1.02154","2.905","1.02154","3.45","1.06752","5.133","1.27323","5.133","1.27323","6.644","1.38347","7.334","1.47452","7.334","1.47452","9.909","1.63769","5.011","1.26099","5.011","1.26099","9.905","1.63741","3.369","1.07992","3.369","1.07992","6.861","1.40198","2.452","0.96014","2.452","0.96014","5.387","1.27017","2.272","0.93428","2.272","0.93428","2.635","0.9663","2.004","0.89393","2.004","0.89393","1.307","0.76178","2.69","0.993","2.69","0.993",NA,NA,NA,"14a","14","1","HUC-14","HUC-1402","HUC-140200","HUC-14020001","HUC-1402000102","HUC-140200010201",100,0,0,100,0,100,0,100,0,0,0,100,0.02,0.02,0.02,0.02,0.02,0.02,0.02,0.02,100,0,0.12,0.41,0,0,0,2.83,2.02,54.74,0.41,30.19,5.57,0,0,2.64,1.09,0.356799975585938,0.496274987792969,"Eastern Cascades Slopes and Foothills","WESTERN CORDILLERA","NORTHWESTERN FORESTED MOUNTAINS","Southern Rockies","WESTERN CORDILLERA","NORTHWESTERN FORESTED MOUNTAINS",7.45989990234375,14.9499998092651,-0.0270999986678362,463.873992919922,8.19299125671387,2.52701807022095,52,3.98273253440857,806.14013671875,0.109126828610897,5.98565451304118,2.06438355644544,90,3.84772798418999,862.196968078613,0.10453869899114,c(-121.442518, 43.931621)
"EAS-RUS",1332186,"nhdflowline_network.2041583","1999-06-27 21:00:00","Medium"," "," ","1.436","14020001000404","With Digitized","0","StreamRiver","46006","0.0139108625970817","7","1","1","760003889","760003892","760027177","760027177","2028.333","720000024","7.487","0","0","0","6","760027177","760029441","760011139","0","1","760025329","0","19.12065","0","0","0","1.4229","15.0255","15.0255","0","0.0414188736423"," ","914.442152192",NA,"-9998","295180","310155","295180","0.10428272","1"," ","1.436","13.721","1.31993","13.161","1.31652","13.161","1.31652","2.558","0.72299","13.879","1.34536","13.879","1.34536","1.276","0.59496","7.917","1.07807","7.917","1.07807","0.631","0.50556","4.935","0.90723","4.935","0.90723","0.695","0.51594","6.226","0.98587","6.226","0.98587","10.456","1.18401","15.639","1.41323","15.639","1.41323","20.943","1.57459","27.367","1.7955","27.367","1.7955","31.435","1.87932","18.785","1.52617","18.785","1.52617","33.085","1.92258","12.239","1.27838","12.239","1.27838","27.692","1.77705","10.561","1.20533","10.561","1.20533","20.756","1.56857","8.711","1.11814","8.711","1.11814","10.184","1.17184","7.074","1.03341","7.074","1.03341","5.067","0.9044","7.991","1.08188","7.991","1.08188",NA,NA,NA,"14a","14","1","HUC-14","HUC-1402","HUC-140200","HUC-14020001","HUC-1402000102","HUC-140200010201",100,0,0,100,0,100,0,100,0,0,0,100,0.06,0.07,0.07,0.06,0.08,0.09,0.08,0.06,100,0.02,2.68,0,0,0,0,11.91,1.5,18.78,0.01,40.81,13.53,0,0,6.73,4.03,0.4363,0.544483154296875,"Eastern Cascades Slopes and Foothills","WESTERN CORDILLERA","NORTHWESTERN FORESTED MOUNTAINS","Southern Rockies","WESTERN CORDILLERA","NORTHWESTERN FORESTED MOUNTAINS",7.06990003585815,14.5799999237061,-0.444700002670288,492.082000732422,8.18924903869629,2.39704060554504,52,3.74540686607361,843.098327636719,0.118640944361687,6.02712708641501,2.13205174418057,90,3.64210438167348,854.56373721852,0.113781626084272,c(-121.690591, 43.683974)
"GUN-GRJ",3232569,"nhdflowline_network.2043984","2007-05-30 21:00:00","Medium","201748","Gunnison River","1.041","14020005000008","With Digitized","120049817","ArtificialPath","55800","0.00977732640318774","5","6","6","760016637","760016629","760003460","760003236","1741.256","720000024","11775.988","0","0","0","5","760003236","760003469","760003236","0","1","760003449","0","100","1","0","0","0.7191","20481.6555","20477.7549","0","0.0292649014279","StreamRiver","713.981506732",NA,"-9998","141503","141594","141594","1e-05","0"," ","1.041","3756.499","1.37933","3985.356","1.38448","2689.948","1.35075","407.625","0.6377","206.564","0.5319","2006.822","1.20058","209.627","0.53973","390.077","0.62164","1953.659","1.18795","685.22","0.74228","735.667","0.74713","2198.542","1.24487","2817.287","1.22761","712.758","0.73982","3082.007","1.42885","7684.198","1.87445","11858.178","2.22839","5809.845","1.87729","8987.869","2.01034","28629.774","3.37436","4996.653","1.75657","8258.448","1.93555","11043.332","2.15717","2662.549","1.3451","5861.818","1.66477","3108.65","1.25148","1672.89","1.11839","4013.074","1.41757","1930.219","1.04064","1900.096","1.17506","3560.325","1.34926","1466.588","0.94125","2012.614","1.20195","1785.708","1.02994","876.638","0.78993","1962.492","1.19006","825.374","0.78735","478.51","0.65755","1992.388","1.19717",NA,NA,NA,"14a","14","1","HUC-14","HUC-1402","HUC-140200","HUC-14020005","HUC-1402000507","HUC-140200050707",100,0.29,0.04,100,0.047,100,0.0106,100,0.0118,68570.2234,66415.5418,100,0.43,0.43,0.44,0.4,0.46,0.48,0.47,0.41,100,0.4,0.04,0.64,0.44,0.21,0.05,2.27,18.25,33.16,1.7,31.91,4.43,1.39,3.03,1.33,0.73,0.6135,0.341783113630772,"Eastern Cascades Slopes and Foothills","WESTERN CORDILLERA","NORTHWESTERN FORESTED MOUNTAINS","Southern Rockies","WESTERN CORDILLERA","NORTHWESTERN FORESTED MOUNTAINS",6.69989967346191,13.8399991989136,-0.437899976968765,679.723999023438,8.81301879882812,2.75807690620422,52,4.38650703430176,946.621337890625,0.135992303490639,5.73040307181588,2.31896431568185,89.7952315624437,3.29952889928649,698.291641795968,0.0983532128043693,c(-121.81512, 43.712603)
"GUN-GUN",3252665,"nhdflowline_network.2041868","1999-06-22 21:00:00","Medium","201748","Gunnison River","0.677","14020002000170","With Digitized","0","StreamRiver","46006","0.00653726721787493","5","5","5","760017712","760017725","760009018","760003236","1955.108","720000024","1609.971","0","0","0","5","760003236","760009103","760003236","760008937","2","760008938","0","100","1","0","0","0.2655","2645.9361","2645.9361","0","0.0110212976233"," ","912.720788621",NA,"-9998","232409","232983","232409","0.00847858","0"," ","0.677","852.768","2.3549","880.957","2.3603","744.576","2.33253","90.585","0.9306","92.735","0.92925","240.951","1.42028","42.18","0.72303","114.598","1.00311","231.102","1.39591","24.011","0.61582","66.76","0.82983","298.151","1.55343","124.168","1.04403","120.026","1.0204","630.191","2.16097","1498.162","3.06874","2294.144","3.71935","1668.217","3.41491","2426.599","3.87435","6376.318","6.17805","2287.485","3.98186","2233.278","3.72056","2471.886","3.85722","1276.883","3.00379","1503.765","3.07422","725.462","2.15925","735.378","2.31922","973.363","2.50381","438.242","1.72463","532.321","2.00217","775.253","2.25392","321.114","1.50906","430.886","1.82232","365.632","1.61372","199.673","1.24134","322.809","1.60709","181.315","1.20783","141.581","1.08566","261.548","1.46978",NA,NA,NA,"14a","14","1","HUC-14","HUC-1402","HUC-140200","HUC-14020002","HUC-1402000202","HUC-140200020204",100,0.02,0,100,0.0252,100,0.003,100,0.0019,50894.1664,50503.0421,100,0.33,0.34,0.35,0.31,0.37,0.39,0.38,0.32,100,0.37,0.27,0.7,0.26,0.16,0.03,2.34,10.96,40.36,1.99,31.67,3.87,2.09,0,3.01,1.92,0.654099951171875,0.450683823940615,"Eastern Cascades Slopes and Foothills","WESTERN CORDILLERA","NORTHWESTERN FORESTED MOUNTAINS","Southern Rockies","WESTERN CORDILLERA","NORTHWESTERN FORESTED MOUNTAINS",6.71989965438843,13.8199996948242,-0.37950000166893,749.880981445312,8.53679084777832,2.55296754837036,52,4.61240434646606,899.511962890625,0.139331579208374,6.37603365057881,2.01766108878339,89.9889205043646,4.1589824937246,909.45439653302,0.116755896621801,c(-121.777203, 43.814152)
"GUN-R32",3252693,"nhdflowline_network.2042692","1999-06-22 21:00:00","Medium","201748","Gunnison River","0.506","14020002000950","With Digitized","0","StreamRiver","46006","0.00573013069222199","5","6","6","760017724","760017723","760007790","760003236","1950.921","720000024","3154.838","0","0","0","5","760003236","760007853","760003236","760007734","2","760007735","0","100","1","0","0","0.1422","5509.3851","5509.3851","0","0.00758883764515"," ","912.645906108",NA,"-9998","230660","230989","230660","0.00650197","0"," ","0.506","1237.449","2.56347","1286.927","2.57065","1039.733","2.5319","118.111","0.95615","106.808","0.91172","260.975","1.37565","55.023","0.74017","140.399","1.00601","275.599","1.407","30.772","0.62552","79.74","0.82499","371.612","1.59596","182.69","1.12498","149.614","1.02996","731.631","2.15337","2581.755","3.64079","3963.643","4.41947","2621.537","3.94173","3596.403","4.2821","10012.837","7.03295","4720.707","5.27375","3125.829","3.99695","3632.143","4.23317","2072.399","3.5154","2070.432","3.27226","1021.309","2.30932","979.202","2.4622","1311.845","2.63448","598.916","1.81552","682.21","2.08611","1058.467","2.38395","437.929","1.5847","539.609","1.87799","486.685","1.68231","260.724","1.27748","402.046","1.65092","238.064","1.24824","176.209","1.09546","310.303","1.47841",NA,NA,NA,"14a","14","1","HUC-14","HUC-1402","HUC-140200","HUC-14020002","HUC-1402000202","HUC-140200020204",100,0.03,0,100,0.0161,100,0.0015,100,0.0022,26026.6462,25389.2397,100,0.29,0.3,0.31,0.28,0.33,0.35,0.34,0.29,100,0.2,0.13,0.54,0.21,0.13,0.03,1.55,8.83,39.88,1.85,36.47,4.21,2.13,0,2.25,1.56,0.69949990234375,0.428649055774667,"Eastern Cascades Slopes and Foothills","WESTERN CORDILLERA","NORTHWESTERN FORESTED MOUNTAINS","Southern Rockies","WESTERN CORDILLERA","NORTHWESTERN FORESTED MOUNTAINS",6.56489992141724,13.5799999237061,-0.446899980306625,798.677978515625,8.62059497833252,2.56137776374817,52,4.64670372009277,902.577697753906,0.141244456171989,6.55350965497969,2.10054981925985,89.9494595448055,3.91173251622086,919.922171544587,0.122320165104568,c(-121.797505, 43.829323)
"GUN-TUN",3252173,"nhdflowline_network.2041697","1999-06-27 21:00:00","Medium","201748","Gunnison River","0.349","14020002000013","With Digitized","0","StreamRiver","46006","0.00318060289291531","5","6","6","760017607","760017558","760005723","760003236","1880.921","720000024","5458.281","0","0","0","5","760003236","760005748","760003236","0","1","760005695","0","100","0","0","0","0.1593","10283.8923","10283.8923","0","0.0111096400243"," ","716.216125206",NA,"-9998","198556","199233","199233","1e-05","0"," ","0.349","2229.356","1.23504","2343.124","1.23879","1254.645","1.19288","258.689","0.60366","162.144","0.53369","1445.229","1.26186","125.359","0.50937","263.37","0.59988","1421.801","1.25362","77.929","0.46453","155.107","0.52844","1410.58","1.24965","516.229","0.73453","270.644","0.60413","1103.432","1.13458","4172.195","1.60094","6419.924","1.89732","1521.171","1.28814","5788.562","1.8464","17283.966","2.99679","1744.499","1.36207","5424.991","1.79432","6826.759","1.95001","1397.054","1.24485","3902.795","1.55593","2011.988","1.16648","870.865","1.037","2635.687","1.3212","1243.107","0.97288","808.606","1.00886","2277.563","1.24563","939.705","0.88114","857.239","1.03092","1063.847","0.934","540.752","0.73549","1136.834","1.14776","520.653","0.73646","330.45","0.6372","1345.424","1.22631",NA,NA,NA,"14a","14","1","HUC-14","HUC-1402","HUC-140200","HUC-14020002","HUC-1402000211","HUC-140200021101",100,0.05,0.01,100,0.0149,100,8e-04,100,0.0032,112207.0749,111763.7659,100,0.24,0.25,0.25,0.23,0.28,0.29,0.28,0.24,100,0.52,0.07,0.42,0.18,0.1,0.02,2.88,11.83,38.2,1.99,32.79,6.74,1.36,0,1.73,1.16,0.327699975585937,0.428837726558856,"Eastern Cascades Slopes and Foothills","WESTERN CORDILLERA","NORTHWESTERN FORESTED MOUNTAINS","Southern Rockies","WESTERN CORDILLERA","NORTHWESTERN FORESTED MOUNTAINS",7.25989961624146,15.1399993896484,-0.624399960041046,462.078002929688,7.92784404754639,2.25918555259705,52,3.63383841514587,852.433227539062,0.116802327334881,6.50042638890252,2.25875830604051,89.9126044499812,4.11225841109013,952.891404227483,0.132816285602167,c(-121.511779, 43.682976)
"LDS-LAP",23706200,"nhdflowline_network.2488014","2001-02-27 21:00:00","Medium","1145148","Little Deschutes River","3.766","17070302000022","With Digitized","0","StreamRiver","46006","0.0402685676327963","3","4","4","50070873","50070872","50014953","50013157","669.219","50001315","462.795","0","0","0","3","50013157","50015099","50013157","0","1","50014814","0","100","0","0","0","9.8055","1862.1909","1862.1909","0","0.103006629383"," ","17.5491146244",NA,"-9998","127964","128231","128068","0.00043281","0"," ","3.766","873.311","1.52102","905.214","1.52455","208.797","1.38831","490.301","1.20088","771.763","1.42579","168.798","1.273","938.321","1.56814","1196.345","1.71864","187.66","1.32881","1631.257","1.99811","1655.9","1.98434","234.072","1.45586","1673.113","2.021","1773.506","2.04653","274.454","1.55705","1499.177","1.92403","1846.105","2.08395","342.405","1.71268","1124.166","1.69501","1318.201","1.79318","324.466","1.67312","826.38","1.48597","607.206","1.29219","236.366","1.46182","616.323","1.31615","320.224","1.0088","202.338","1.37044","447.771","1.1589","285.15","0.96695","148.192","1.20856","377.18","1.08484","296.353","0.98057","77.339","0.94571","448.601","1.15973","471.212","1.16826","107.934","1.06911","412.267","1.1224","608.212","1.29306","156.082","1.2337",NA,NA,NA,"17c","17","1","HUC-17","HUC-1707","HUC-170703","HUC-17070302","HUC-1707030206","HUC-170703020609",100,0.01,0,100,0.0239,100,0,100,0.0011,79254.5573,57031.6725,100,0.68,0.68,0.73,0.66,0.73,0.76,0.74,0.67,100,1.03,0,1.33,0.5,0.15,0.02,0.21,0,59.57,0,32.55,1.57,0.2,0.01,2.04,0.81,0.189400036621094,0.563663643036144,"Columbia Plateau","COLD DESERTS","NORTH AMERICAN DESERTS","Eastern Cascades Slopes and Foothills","WESTERN CORDILLERA","NORTHWESTERN FORESTED MOUNTAINS",11.8948993682861,18.0599994659424,5.73399972915649,318.428894042969,7.63883018493652,2.36975884437561,52,4.33586072921753,746.030578613281,0.09949641674757,8.4357838642943,2.41743595436431,52.0029568658221,3.91479763167886,830.45174958388,0.11341710626196,c(-120.906144, 45.613295)
"LOO-BLU",23773411,"nhdflowline_network.2503063","2001-02-12 21:00:00","Medium","1123461","Lookout Creek","3.865","17090004001156","With Digitized","0","StreamRiver","46006","0.0421153816081341","5","3","3","50076933","50076932","50074877","50067527","534.126","50001315","34.45","0","0","0","5","50067527","50084721","50067527","0","1","50067527","0","100","0","0","0","7.1451","63.5697","63.5697","0","0.100189387866"," ","47.3290318547",NA,"-9998","41798","49718","41798","0.02049159","0"," ","3.865","124.145","1.46527","122.386","1.46393","123.614","1.46487","207.573","1.82834","401.623","2.48023","230.314","1.9177","209.096","1.83425","419.654","2.53147","223.167","1.89099","211.247","1.84256","322.214","2.24047","187.4","1.7508","185.832","1.74161","207.712","1.83867","166.241","1.6619","136.625","1.52563","137.116","1.53581","129.72","1.49486","78.81","1.21725","71.52","1.17715","68.645","1.15462","40.451","0.9462","27.855","0.83494","25.425","0.80778","21.131","0.76019","15.006","0.68753","14.707","0.68181","13.589","0.66577","15.771","0.69767","15.349","0.69038","31.248","0.8645","35.841","0.91036","30.325","0.85677","158.206","1.62422","171.171","1.68926","156.967","1.62126","196.797","1.78592","319.655","2.2323","240.766","1.95608",NA,NA,NA,"17c","17","1","HUC-17","HUC-1709","HUC-170900","HUC-17090004","HUC-1709000404","HUC-170900040401",100,0,0,100,0,100,0,100,0,0,0,100,0.11,0.11,0.12,0.11,0.12,0.12,0.12,0.11,100,0,0,0.01,0,0,0,0,0.01,97.41,0.01,2.46,0.09,0,0,0,0,0.184900134277344,1.42549234411851,"Blue Mountains","WESTERN CORDILLERA","NORTHWESTERN FORESTED MOUNTAINS","Cascades","WESTERN CORDILLERA","NORTHWESTERN FORESTED MOUNTAINS",11.1498994827271,18.9898986816406,3.30769991874695,260.255004882812,8.62158584594727,2.92339539527893,52,4.95342397689819,810.000366210938,0.0837286040186882,9.17828823060028,2.96145997244566,52,5.65285743176167,921.212684020208,0.113064421663297,c(-121.247101, 44.721448)
"MCK-WAL",23772801,"nhdflowline_network.2502087","2001-02-12 21:00:00","Medium","1136527","McKenzie River","2.287","17090004000078","With Digitized","23777503","ArtificialPath","55800","0.0255098887601116","3","5","5","50076653","50076652","50009362","50007511","475.574","50001315","1506.196","0","0","0","3","50007511","50009471","50007511","50009309","2","50009311","0","100","1","0","0","2.8998","2730.9312","2725.9047","0","0.0443382357189","StreamRiver","2.61110037035",NA,"-9998","17994","18248","17994","0.00111062","0"," ","2.287","4633.862","2.01496","5013.708","2.02588","3062.654","1.95866","6558.195","2.36059","5538.341","2.11908","5455.791","2.55077","6529.779","2.35587","4632.136","1.95519","4323.327","2.29018","6775.312","2.39639","5179.055","2.05573","3642.845","2.11791","6418.241","2.33722","6586.158","2.29359","3922.805","2.19047","5593.952","2.19441","7708.333","2.46656","3252.443","2.0122","4103.302","1.90825","5451.404","2.10394","1834.211","1.56538","2702.41","1.59004","2036.926","1.37297","1217.388","1.31951","1872.803","1.36327","877.852","0.98926","1216.811","1.31925","1424.535","1.22063","743.664","0.93185","1153.121","1.2908","1804.29","1.3426","1117.682","1.08244","1416.098","1.40403","5502.239","2.17793","5382.498","2.09185","3593.303","2.1048","6352.139","2.3261","6565.322","2.29025","5145.773","2.48218",NA,NA,NA,"17c","17","1","HUC-17","HUC-1709","HUC-170900","HUC-17090004","HUC-1709000407","HUC-170900040704",100,0.03,0.01,100,0.0031,100,0,100,0.0029,148683.929,139799.1263,100,0.14,0.15,0.15,0.14,0.15,0.16,0.15,0.14,100,0.52,0.22,0.76,0.09,0.01,0,3.38,0.03,84.05,0.94,7.35,2.1,0.28,0,0.2,0.07,0.18310009765625,1.35332091944572,"Blue Mountains","WESTERN CORDILLERA","NORTHWESTERN FORESTED MOUNTAINS","Cascades","WESTERN CORDILLERA","NORTHWESTERN FORESTED MOUNTAINS",11.0699996948242,18.8500003814697,3.29239988327026,257.756988525391,7.80594110488892,2.59000015258789,52,4.64177513122559,855.623718261719,0.08944071829319,9.20230410025468,2.93192472977662,51.9991399030086,5.93361191990786,990.918964082161,0.121391822109068,c(-121.062567, 44.801838)
"TAY-RES",1333490,"nhdflowline_network.2041206","1999-06-22 21:00:00","Medium","188791","Taylor River","1.829","14020001000068","With Digitized","0","StreamRiver","46006","0.0192741029589037","5","5","5","760004164","760004092","760013519","760003236","2006.921","720000024","464.165","0","0","0","5","760003236","760013784","760003236","0","1","760013270","0","100","0","0","0","4.4595","662.6592","662.6592","0","0.0332347761247"," ","913.731313549",NA,"-9998","278496","284221","279384","0.02644614","0"," ","1.829","216.945","2.09476","218.676","2.09591","209.531","2.08974","23.234","0.85387","44.936","1.07991","92.585","1.4629","10.4","0.66436","39.322","1.02713","94.316","1.47432","5.359","0.55872","22.81","0.84664","133.69","1.71161","8.931","0.63671","26.73","0.89392","185.504","1.97818","283.011","2.3656","429.975","2.86801","234.249","2.1984","662.581","3.54021","1438.606","5.16892","316.592","2.52623","625.7","3.44341","576.181","3.2984","390.839","2.78876","405.828","2.79954","178.732","1.91436","308.449","2.49576","250.074","2.23478","105.678","1.52333","309.153","2.49841","192.254","1.98375","80.036","1.35663","219.226","2.13304","91.467","1.43767","54.823","1.16584","125.021","1.66253","45.775","1.09032","46.845","1.09714","97.83","1.49719",NA,NA,NA,"14a","14","1","HUC-14","HUC-1402","HUC-140200","HUC-14020001","HUC-1402000101","HUC-140200010107",100,0,0,100,0,100,0,100,0.0015,197700.2821,197700.2821,100,0.17,0.17,0.17,0.17,0.2,0.21,0.21,0.17,100,1.23,0.44,0.36,0.05,0.02,0,4.14,0.77,54.79,0.05,25.65,5.46,0,0,4.22,2.8,0.9775,0.509429721580544,"Willamette Valley","MARINE WEST COAST FOREST","MARINE WEST COAST FOREST","Southern Rockies","WESTERN CORDILLERA","NORTHWESTERN FORESTED MOUNTAINS",11.5949001312256,17.5599994659424,5.63039970397949,1144.4990234375,8.22770595550537,1.86183929443359,52,7.83255290985107,1551.80053710938,0.0624622069299221,6.78610493905014,1.88697203611716,89.9966413424565,4.12883056286308,918.511433788854,0.139180005629523,c(-122.905922, 43.996876)
"TAY-TAY",1333022,"nhdflowline_network.2041182","1999-06-22 21:00:00","Medium","188791","Taylor River","1.357","14020001000045","With Digitized","0","StreamRiver","46006","0.0128369380405898","5","4","4","760004038","760004193","760016119","760003236","2014.667","720000024","239.052","0","0","0","5","760003236","760016561","760003236","0","1","760015710","0","100","0","0","0","5.0157","331.3395","331.3395","0","0.0303978606865"," ","1242.71132699",NA,"-9998","284559","286488","284559","0.01421518","0"," ","1.357","127.258","1.70657","127.051","1.70639","115.004","1.69515","14.861","0.75541","35.42","1.01788","35.316","1.04925","6.925","0.6064","28.822","0.94431","33.824","1.03246","3.532","0.51683","16.924","0.78771","39.378","1.09334","4.515","0.54585","18.112","0.80529","77.494","1.4329","142.023","1.79049","215.072","2.15721","268.864","2.48532","350.531","2.70294","693.081","3.7499","417.07","3.05687","374.738","2.78937","320.429","2.59313","196.898","2.15342","259.617","2.35006","110.84","1.60864","92.98","1.54712","160.577","1.89034","66.47","1.29947","68.382","1.36064","122.424","1.67811","51.049","1.16985","59.53","1.28596","58.822","1.2365","36.318","1.02737","47.859","1.179","29.382","0.95038","32.805","0.98956","40.245","1.10247",NA,NA,NA,"14a","14","1","HUC-14","HUC-1402","HUC-140200","HUC-14020001","HUC-1402000101","HUC-140200010103",100,0,0,100,0,100,0,100,0,0,0,100,0.18,0.19,0.19,0.18,0.21,0.22,0.21,0.18,100,0.08,0.39,0.02,0,0,0,4.33,0.61,53.07,0.05,27.51,5.6,0,0,4.93,3.41,1.00159970703125,0.511713836177703,"Willamette Valley","MARINE WEST COAST FOREST","MARINE WEST COAST FOREST","Southern Rockies","WESTERN CORDILLERA","NORTHWESTERN FORESTED MOUNTAINS",11.654899597168,17.7398986816406,5.57340002059937,1110.34497070312,8.1351375579834,1.86283874511719,52,7.82986974716187,1557.37536621094,0.0625520199537277,6.54400601315854,1.7835399953287,90,3.98620031141777,936.132072595137,0.135827889205264,c(-122.977419, 43.968003)
"TRO-GAT",23732545,"nhdflowline_network.2492379","2001-02-27 21:00:00","Medium","1151438","Trout Creek","0.601","17070307000005","With Digitized","0","StreamRiver","46006","0.00712743916084259","3","5","5","50073012","50073011","50021457","50020534","466.513","50001315","1192.214","0","0","0","3","50020534","50021781","50020534","0","1","50021143","0","100","0","0","0","0.9873","1668.3183","1668.3183","0","0.0126422762344"," ","3.20946975576",NA,"-9998","42609","43316","42785","0.00883527","0"," ","0.601","40.28","1.81043","38.576","1.80518","38.576","1.80518","25.274","1.48112","81.076","2.52887","81.076","2.52887","53.798","2.05991","162.736","3.52296","162.736","3.52296","76.897","2.42575","143.446","3.31465","143.446","3.31465","68.485","2.29942","78.415","2.48987","78.415","2.48987","64.825","2.2422","61.045","2.21827","61.045","2.21827","35.97","1.72282","30.265","1.62424","30.265","1.62424","27.917","1.54472","19.072","1.3381","19.072","1.3381","25.164","1.47841","17.583","1.2946","17.583","1.2946","23.866","1.44596","25.145","1.50091","25.145","1.50091","24.651","1.46568","29.312","1.60207","29.312","1.60207","34.854","1.69935","39.366","1.82138","39.366","1.82138","21.995","1.3977","47.514","1.98032","47.514","1.98032",NA,NA,NA,"17c","17","1","HUC-17","HUC-1707","HUC-170703","HUC-17070307","HUC-1707030705","HUC-170703070502",100,0.15,0.01,100,0.0163,100,0,100,0.0024,2508.6326,1500.1519,100,0.31,0.32,0.32,0.3,0.32,0.33,0.33,0.3,100,0.04,0,0.58,0.25,0.06,0.01,0,0,12.46,0,45.69,36.31,0.49,3.97,0.04,0.08,1.0199,0.282225870829316,"Willamette Valley","MARINE WEST COAST FOREST","MARINE WEST COAST FOREST","Blue Mountains","WESTERN CORDILLERA","NORTHWESTERN FORESTED MOUNTAINS",11.6198997497559,17.3899993896484,5.84859991073608,1055.29797363281,7.27376413345337,1.17403960227966,52,4.59730243682861,1550.88293457031,0.0787066072225571,8.00660685255476,2.81373523513538,51.7729360909195,5.37375941752277,917.950399837138,0.074733841025071,c(-123.26093, 44.556477)
"WHY-SIS",23700305,"nhdflowline_network.2487318","2001-02-27 21:00:00","Medium","1150253","Squaw Creek","6.455","17070301000131","With Digitized","0","StreamRiver","46006","0.0683515170795258","3","3","3","50070423","50070418","50057393","50044968","551.068","50001315","85.993","0","0","0","3","50044968","50062052","50044968","0","1","50053521","0","100","0","0","0","16.6761","166.2804","166.2804","0","0.161681285973"," ","15.0521502789",NA,"-9998","95495","102832","95495","0.01136638","0"," ","6.455","116.584","1.51759","114.746","1.51603","114.746","1.51603","47.311","1.05745","130.557","1.60171","130.557","1.60171","55.001","1.11982","165.268","1.77419","165.268","1.77419","78.816","1.29062","146.306","1.68234","146.306","1.68234","111.872","1.49139","126.584","1.58066","126.584","1.58066","150.822","1.69475","152.648","1.71365","152.648","1.71365","177.694","1.82086","174.408","1.81669","174.408","1.81669","185.794","1.85709","132.205","1.61036","132.205","1.61036","169.536","1.78359","99.274","1.42664","99.274","1.42664","145.872","1.6704","112.625","1.50413","112.625","1.50413","125.219","1.56435","116.324","1.52482","116.324","1.52482","93.093","1.38141","102.25","1.44431","102.25","1.44431","58.5","1.14683","111.268","1.49646","111.268","1.49646",NA,NA,NA,"17c","17","1","HUC-17","HUC-1707","HUC-170703","HUC-17070301","HUC-1707030107","HUC-170703010702",100,0,0,100,0.0565,100,0,100,0,0,0,100,0.45,0.45,0.46,0.45,0.46,0.46,0.46,0.45,100,0.12,3.2,0.27,0.17,0.06,0,16.44,0.04,36.45,0,6.74,35.89,0.33,0,0.25,0.04,1.0397,1.10588986879468,"Willamette Valley","MARINE WEST COAST FOREST","MARINE WEST COAST FOREST","Cascades","WESTERN CORDILLERA","NORTHWESTERN FORESTED MOUNTAINS",11.5148992538452,17.4200000762939,5.61069965362549,1079.24401855469,7.4992995262146,1.45546650886536,52,6.24070835113525,1680.35974121094,0.0704134330153465,9.13791113445274,3.70641803459303,52,5.42253154833641,879.875039185293,0.138768599517423,c(-123.174941, 44.267306)
"WIL-COR",23762877,"nhdflowline_network.2500643","2001-02-12 21:00:00","Medium","1158060","Willamette River","2.089","17090003000133","With Digitized","120049190","ArtificialPath","55800","0.0198312347850553","2","6","6","50075767","50075764","50005949","50004305","369.015","50001315","7065.386","0","0","0","2","50004305","50005965","50004305","0","1","50005932","0","100","0","0","0","1.1196","11376.3474","11376.3474","0","0.0362716172809","StreamRiver","0.780189802419",NA,"-9998","5941","6015","5951","0.00030636","0"," ","2.089","14034.671","2.18974","15623.949","2.20616","13781.244","2.18697","24492.389","2.83699","15074.129","2.1704","22842.922","2.76515","23886.621","2.80359","11450.342","1.91745","15411.438","2.30187","23060.238","2.75737","13810.846","2.08584","14223.486","2.21874","19660.192","2.55848","19636.809","2.45109","12876.027","2.1204","14544.343","2.22572","21745.794","2.57036","11874.324","2.04413","9525.868","1.83984","13726.236","2.08005","8538.26","1.76527","5963.957","1.50269","4572.488","1.29668","5111.775","1.41787","4013.595","1.27618","1753.052","0.9024","5420.648","1.45298","2934.857","1.12798","1353.263","0.82612","6986.442","1.61808","3443.879","1.20062","1933.827","0.93418","8648.02","1.77519","14854.32","2.24731","14127.03","2.10733","16254.677","2.35906","22129.701","2.70439","19443.896","2.43988","24207.587","2.84203",NA,NA,NA,"17c","17","1","HUC-17","HUC-1709","HUC-170900","HUC-17090003","HUC-1709000306","HUC-170900030609",100,1.07,0.24,100,0.0028,100,0,100,0.0037,176277.7103,159521.7171,100,1.52,1.54,1.56,1.48,1.58,1.62,1.6,1.5,100,1.18,0.05,1.6,1.28,0.97,0.41,0.95,0.25,64.63,2.72,9.06,3.33,9.74,2.33,0.67,0.83,1.1605005859375,1.29511630436191,"Willamette Valley","MARINE WEST COAST FOREST","MARINE WEST COAST FOREST","Cascades","WESTERN CORDILLERA","NORTHWESTERN FORESTED MOUNTAINS",11.6448993682861,17.75,5.53609991073608,1346.25,8.76682376861572,1.92259693145752,52,6.84023427963257,1289.796875,0.0676014423370361,8.4171521983988,2.17593891801671,51.9997928653003,6.3743453647648,1250.83889592177,0.0909278780845503,c(-122.765156, 44.071775)
"WIL-GOS",23759228,"nhdflowline_network.2499972","2001-02-12 21:00:00","Medium","1119059","Coast Fork Willamette River","2.748","17090002000008","With Digitized","23761310","ArtificialPath","55800","0.0278856770871682","3","5","5","50075367","50075366","50017226","50016501","466.203","50001315","1076.267","0","0","0","3","50016501","50017423","50016501","0","1","50017041","0","61.1006","0","0","0","3.7035","1664.3106","1664.3106","0","0.0578931533588","StreamRiver","2.48061888925",NA,"-9998","14516","14885","14516","0.00134279","0"," ","2.748","1807.246","1.82277","1908.623","1.82948","1529.427","1.80244","3657.034","2.5102","3553.253","2.42419","3285.577","2.55072","3529.557","2.46911","3015.405","2.2476","2506.534","2.25056","3316.577","2.39887","2922.893","2.21578","2133.626","2.09135","2752.079","2.20169","2882.386","2.2017","1674.733","1.8762","1708.935","1.77846","2128.071","1.91998","1079.294","1.54998","866.595","1.33343","990.99","1.3824","583.392","1.20397","427.101","1.01239","309.401","0.88723","210.28","0.82933","232.08","0.81762","132.001","0.67662","198.732","0.81393","161.107","0.72789","122.284","0.66197","684.487","1.28329","170.044","0.74009","150.791","0.70358","945.906","1.46598","1744.524","1.79463","1763.135","1.76677","1889.097","1.97975","3132.751","2.33652","3549.815","2.42311","3206.912","2.52205",NA,NA,NA,"17c","17","1","HUC-17","HUC-1709","HUC-170900","HUC-17090002","HUC-1709000204","HUC-170900020405",100,0.86,0.16,100,0,100,0,100,0.0024,134407.9236,82157.8568,100,0.78,0.79,0.79,0.75,0.81,0.83,0.82,0.76,100,0.62,0,1.84,0.73,0.43,0.13,0.01,0.15,64.23,3.31,13.6,6.51,7.3,0.09,0.57,0.49,1.3149001953125,1.27474505750868,"Cascades","WESTERN CORDILLERA","NORTHWESTERN FORESTED MOUNTAINS","Cascades","WESTERN CORDILLERA","NORTHWESTERN FORESTED MOUNTAINS",10.5748996734619,16.1099987030029,5.04469966888428,2062.28100585938,9.08181762695312,2.41131639480591,52,6.16753911972046,1051.85815429688,0.0933243930339813,7.87226928264593,1.72331531059386,52,7.07674141516428,1377.90894522598,0.0691923488449977,c(-122.328767, 44.172108)
"WIL-HAR",23763337,"nhdflowline_network.2500854","2001-02-12 21:00:00","Medium","1158060","Willamette River","4.315","17090003000326","With Digitized","23769011","ArtificialPath","55800","0.0424517777916955","2","6","6","50075979","50075978","50006830","50004305","413.831","50001315","5406.025","0","0","0","2","50004305","50006857","50004305","0","1","50006803","0","100","0","0","0","3.8313","8825.7501","8825.7501","0","0.0679405144698","StreamRiver","1.55174516346",NA,"-9998","8644","9024","8649","0.00086906","0"," ","4.315","11603.494","2.41399","12854.449","2.43152","11448.632","2.4117","18954.169","3.04076","12406.089","2.39187","20791.729","3.19578","18486.924","3.00479","9575.486","2.12418","14559.505","2.69805","18329.348","2.99256","11491.262","2.30883","13164.777","2.57363","16472.348","2.84455","16523.151","2.73432","11069.619","2.37443","12884.215","2.53436","19065.313","2.92585","10187.13","2.28527","8684.108","2.11366","12402.165","2.39152","7685.95","2.01059","5550.646","1.73179","4249.04","1.48788","4871.708","1.64457","3785.408","1.46999","1662.375","1.02499","5280.516","1.70298","2764.555","1.29146","1287.89","0.93416","6795.781","1.90289","3232.67","1.3766","1832.762","1.0631","7652.833","2.00669","12786.645","2.5254","12212.456","2.37454","14222.117","2.66848","17388.421","2.91849","15764.953","2.67455","21177.464","3.2241",NA,NA,NA,"17c","17","1","HUC-17","HUC-1709","HUC-170900","HUC-17090003","HUC-1709000306","HUC-170900030602",100,0.46,0.11,100,0.0025,100,0,100,0.0026,209795.5226,190894.7644,100,0.94,0.95,0.96,0.91,0.97,1,0.98,0.92,100,1.1,0.07,1.05,0.67,0.61,0.22,1.21,0.09,75.63,1.36,9.76,3.54,3.63,0.29,0.45,0.31,1.3814,1.27307484044798,"Cascades","WESTERN CORDILLERA","NORTHWESTERN FORESTED MOUNTAINS","Cascades","WESTERN CORDILLERA","NORTHWESTERN FORESTED MOUNTAINS",10.1248998641968,15.1799993515015,5.0657000541687,2106.57690429688,9.21944427490234,2.70753574371338,52,5.6877236366272,932.163513183594,0.107523515820503,8.7136991278399,2.39304887510781,51.9997326245941,6.61175591682669,1192.09458789409,0.0965851327774361,c(-122.228366, 44.229336)
"WIL-JAS",23751778,"nhdflowline_network.2499916","2001-02-12 21:00:00","Medium","1146168","Middle Fork Willamette River","0.345","17090001007337","With Digitized","23756148","ArtificialPath","55800","0.00322080965573651","2","5","5","50074727","50074726","50009635","50004305","470.419","50001315","2210.342","0","0","0","2","50004305","50009689","50004305","0","1","50009581","0","100","0","0","0","5.5674","3494.8566","3494.8566","0","0.000341279461497","LakePond","2.41641024827",NA,"-9998","15864","16238","15928","0.0089855","0"," ","0.345","4232.629","-9998","4568.934","-9998","4199.054","-9998","6786.507","-9998","5684.253","-9998","7177.992","-9998","6541.106","-9998","4637.741","-9998","3819.484","-9998","6512.518","-9998","5017.56","-9998","3542.782","-9998","5978.503","-9998","6145.433","-9998","3173.724","-9998","4793.663","-9998","6519.03","-9998","3590.923","-9998","3312.575","-9998","4310.976","-9998","3011.36","-9998","2225.408","-9998","1670.396","-9998","2029.19","-9998","1572.038","-9998","748.92","-9998","2515.817","-9998","1100.389","-9998","600.489","-9998","3605.628","-9998","1163.725","-9998","770.532","-9998","3799.057","-9998","4610.898","-9998","4533.246","-9998","6179.993","-9998","6223.117","-9998","6449.166","-9998","7879.553","-9998","0.0291577523919","29469.0983643","0.00286851729552","17c","17","1","HUC-17","HUC-1709","HUC-170900","HUC-17090001","HUC-1709000110","HUC-170900011003",100,0.29,0.07,100,0,100,0,100,0.0014,349052.1043,333183.8536,100,0.28,0.28,0.29,0.27,0.29,0.3,0.3,0.28,100,1.72,0,0.55,0.2,0.1,0.02,0.38,0.04,82.87,0.6,8.92,2.93,1.35,0,0.2,0.11,1.3904998046875,1.2059790692826,"Cascades","WESTERN CORDILLERA","NORTHWESTERN FORESTED MOUNTAINS","Cascades","WESTERN CORDILLERA","NORTHWESTERN FORESTED MOUNTAINS",10.4699001312256,15.8999996185303,5.03709983825684,2232.71069335938,9.08614444732666,2.54044246673584,52,5.8410587310791,956.897338867188,0.0986203625798225,8.82382702377184,2.410950889591,52,6.821140118204,1186.51927280853,0.0979577304360887,c(-122.265377, 44.220163)
"WIL-POR",23815040,"nhdflowline_network.2508460","2001-02-12 21:00:00","Medium","1158060","Willamette River","14.062","17090012000085","With Digitized","120049657","ArtificialPath","55800","0.145109788359523","2","7","7","50080486","50080485","50004360","50004305","170.256","50001315","19895.355","0","0","0","2","50004305","50004370","50004305","0","1","50004350","0","100","0","0","0","125.1927","28921.6503","28921.6503","1","-9999","StreamRiver","-9999",NA,"-9998","-208","318","318","1e-05","0"," ","14.062","36365.348","-9999","41486.48","-9999","33991.174","-9999","65661.557","-9999","31892.154","-9999","67772.297","-9999","64892.793","-9999","22998.021","-9999","57202.436","-9999","61597.358","-9999","30333.154","-9999","45453.554","-9999","50794.861","-9999","49585.463","-9999","35460.963","-9999","36618.805","-9999","59242.331","-9999","27013.117","-9999","23125.333","-9999","36297.671","-9999","18438.363","-9999","13298.267","-9999","10372.983","-9999","9710.432","-9999","8133.448","-9999","3327.51","-9999","8587.433","-9999","5747.516","-9999","2361.287","-9999","11515.038","-9999","8456.227","-9999","4142.755","-9999","16295.559","-9999","38940.784","-9999","36034.521","-9999","41128.059","-9999","59361.388","-9999","45872.751","-9999","69271.854","-9999",NA,NA,NA,"17c","17","1","HUC-17","HUC-1709","HUC-170900","HUC-17090012","HUC-1709001202","HUC-170900120202",100,2.47,0.43,100,0.0062,100,0,100,0.0087,119039.5731,87300.255,100,3.07,3.11,3.15,2.97,3.18,3.27,3.22,3.02,100,0.91,0.03,2.47,2.76,2.08,0.79,0.48,0.48,51.2,4.02,9,3.08,13.32,7.64,0.98,0.75,0.88900048828125,1.43479091086328,"Willamette Valley","MARINE WEST COAST FOREST","MARINE WEST COAST FOREST","Cascades","WESTERN CORDILLERA","NORTHWESTERN FORESTED MOUNTAINS",12.3948993682861,17.2799987792969,7.51179981231689,1111.13598632812,NA,NA,NA,NA,NA,NA,8.27329542622152,2.03955641722325,51.9096754799011,6.1606191502092,1216.94341551204,0.0915868352801198,c(-122.666726, 45.468995)
